3790;DS;Reconoce fácilmente figuras geométricas en cualquier espacio o lugar.;9003436316;22;1;S;S
;DS;Clasifica y ordena diferentes objetos con distintos criterios: arriba, abajo, dentro, fuera, grande pequeño.;9003436316;22;1;S;S
;DS;Identifica los colores primarios.;9003436316;22;1;S;S
;DS;Distingue diferentes tipos de vivienda.;9003436316;22;1;S;S
;DS;Identifica el color amarillo.;9003436316;22;1;S;S
;DS;Reconoce el círculo, triangulo, cuadrado;9003436316;22;1;S;S
;DS;Discrimina y reconoce nociones como: derecha - izquierda, muchos – pocos, gordo -  flaco.;9003436316;22;1;S;S
;DS;Identifica y traza los números del 1 al 5. Asocia símbolo.;9003436316;22;1;S;S
;DS;Comprende conceptos pre matemáticos básicos.;9003436316;22;1;S;S
;DS;Reconoce el óvalo dentro de las figuras geométricas.;9003436316;22;1;S;S
;DS;Reconoce los elementos necesarios para una buena higiene oral y corporal.;9003436316;22;1;S;S
;DS;Relaciona conceptos nuevos con otros ya conocidos mediante la comparación, semejanza y diferencia.;9003436316;22;1;S;S
;DS;Conoce y comprende algunas normas elementales para el cuidado de la naturaleza;9003436316;22;1;S;S
;DS;Diferencia animales domésticos y salvajes;9003436316;22;1;S;S
;DS;Imita el sonido de algunos animales.;9003436316;22;1;S;S
;DS;Idéntica el rectángulo dentro de las figuras geométricas.;9003436316;22;1;S;S
;DS;Reconoce el lugar donde viven algunos animales;9003436316;22;1;S;S
;DS;Reconoce medios de transporte.;9003436316;22;1;S;S
;DS;Identifica y traza las vocales.;9003436316;22;1;S;S
;DS;Falta acompañamiento de padres de familia en las tareas.;9003436316;22;1;S;S
;DS;Le falta dinamismo y creatividad para potenciar su desarrollo integral.;9003436316;22;1;S;S
;DS;Tiene dificultad para comunicar sus sentimientos, necesidades y emociones.;9003436316;22;1;S;S
;DS;Desarrolla con limitaciones sus compromisos y necesidades;9003436316;22;1;S;S
;DS;Realiza con mucha deficiencia las actividades programadas.;9003436316;22;1;S;S
;DS;Demuestra muy poco interés por desarrollar habilidades y destrezas en la escritura.;9003436316;22;1;S;S
;DS;Pide ayuda a otras personas así pueda realizar las cosas.;9003436316;22;1;S;S
;DS;Se le debe reforzar en el manejo del renglón.;9003436316;22;1;S;S
;DS;Debe continuar con los ejercicios de pre escritura.;9003436316;22;1;S;S
;DS;Es despreocupado(a) y lento(a) para desarrollar sus actividades.;9003436316;22;1;S;S
;DS;Escucha con atención los cuentos narrados.;9003436316;21;1;S;S
;DS;Participa en obras de teatro y de títeres interpretando diferentes personajes.;9003436316;21;1;S;S
;DS;Es creativo al imaginar historias, crear personaje, solucionar situaciones.;9003436316;21;1;S;S
;DS;Posee un vocabulario acorde a su edad.;9003436316;21;1;S;S
;DS;Memoriza con facilidad rondas y canciones.;9003436316;21;1;S;S
;DS; Identifica normas de cortesía.;9003436316;21;1;S;S
;DS;Realiza con facilidad ejercicios de aprestamiento.;9003436316;21;1;S;S
;DS;Se expresa con claridad.;9003436316;21;1;S;S
;DS;Reconoce y escribe las vocales correctamente. (Cognitiva);9003436316;21;1;S;S
;DS;Utiliza el vocabulario correcto y adecuado.;9003436316;21;1;S;S
;DS;Su expresión oral es clara y correcta.;9003436316;21;1;S;S
;DS;Realiza con agrado ejercicios de pre-lectura y pre-escritura.;9003436316;21;1;S;S
;DS;Identifica medios de comunicación;9003436316;21;1;S;S
;DS;Reconoce, distingue, y describe situaciones.;9003436316;21;1;S;S
;DS;Aplica muy bien las técnicas de comunicación dadas.;9003436316;21;1;S;S
;DS;Formula preguntas relacionadas con sus actividades académicas.;9003436316;21;1;S;S
;DS;Se expresa ante el público con mucha fluidez y espontaneidad.;9003436316;21;1;S;S
;DS;Utiliza el lenguaje artístico para comunicar la visión del mundo que lo rodea.;9003436316;21;1;S;S
;DS;Respeta y valora el trabajo suyo y el de sus compañeros.;9003436316;14;1;S;S
;DS;Valora la importancia de tener una presentación personal adecuada.;9003436316;14;1;S;S
;DS;Muestra cariño y respeto por su profesor.;9003436316;14;1;S;S
;DS;Se adapta con facilidad al ambiente escolar.;9003436316;14;1;S;S
;DS;Manifiesta alegría y entusiasmo en clases.;9003436316;14;1;S;S
;DS;Respeta a sus compañeros.;9003436316;14;1;S;S
;DS;Tiene buenos hábitos de higiene.;9003436316;14;1;S;S
;DS;Cuida los materiales de trabajo.;9003436316;14;1;S;S
;DS;Es organizado con su uniforme.;9003436316;14;1;S;S
;DS;Es un niño muy independiente al realizar actividades básicas como: Lavarse las manos, la cara, ir al baño y comer.;9003436316;14;1;S;S
;DS;Se integra en la realización de juegos y rondas.;9003436316;14;1;S;S
;DS;Tiene sentido de pertenencia y cuida bien sus cosas.;9003436316;14;1;S;S
;DS;A través del juego establece relaciones con sus compañeros.;9003436316;14;1;S;S
;DS;Sabe trabajar independiente y en grupo.;9003436316;14;1;S;S
;DS;Cumple con las normas de comportamiento en la institución.;9003436316;14;1;S;S
;DS;Aprende a comportarse de acuerdo a la situación.;9003436316;14;1;S;S
;DS;Muestra actitud de liderazgo.;9003436316;14;1;S;S
;DS;Demuestra interés por el respeto y cumplimiento de las normas.;9003436316;14;1;S;S
;DS;Acepta observaciones y sugerencias sobre su comportamiento con los demás;9003436316;14;1;S;S
;DS;Valora la señal de la cruz como el gesto que los cristianos empleamos para iniciar nuestra oración.;9003436316;14;1;S;S
;DS;Respeta, valora y participa constructivamente en las diferentes actividades escolares.;9003436316;14;1;S;S
;DS;Es solidario y se preocupa por ayudar a sus compañeros;9003436316;14;1;S;S
;DS;Es puntual en el cumplimiento del horario establecido de las actividades escolares.;9003436316;14;1;S;S
;DS;Refleja dinamismo;9003436316;14;1;S;S
;DS;Disfruta cuando se le tiene en cuenta para participar en juegos y cuando se le pide su opinión.;9003436316;14;1;S;S
;DS;Respeta y valora el trabajo suyo y el de sus compañeros.;9003436316;14;2;S;S
;DS;Valora la importancia de tener una presentación personal adecuada.;9003436316;14;2;S;S
;DS;Muestra cariño y respeto por su profesor.;9003436316;14;2;S;S
;DS;Se adapta con facilidad al ambiente escolar.;9003436316;14;2;S;S
;DS;Manifiesta alegría y entusiasmo en clases.;9003436316;14;2;S;S
;DS;Respeta a sus compañeros.;9003436316;14;2;S;S
;DS;Tiene buenos hábitos de higiene.;9003436316;14;2;S;S
;DS;Cuida los materiales de trabajo.;9003436316;14;2;S;S
;DS;Es organizado con su uniforme.;9003436316;14;2;S;S
;DS;Es un niño muy independiente al realizar actividades básicas como: Lavarse las manos, la cara, ir al baño y comer.;9003436316;14;2;S;S
;DS;Se integra en la realización de juegos y rondas.;9003436316;14;2;S;S
;DS;Tiene sentido de pertenencia y cuida bien sus cosas.;9003436316;14;2;S;S
;DS;A través del juego establece relaciones con sus compañeros.;9003436316;14;2;S;S
;DS;Sabe trabajar independiente y en grupo.;9003436316;14;2;S;S
;DS;Cumple con las normas de comportamiento en la institución.;9003436316;14;2;S;S
;DS;Aprende a comportarse de acuerdo a la situación.;9003436316;14;2;S;S
;DS;Muestra actitud de liderazgo.;9003436316;14;2;S;S
;DS;Demuestra interés por el respeto y cumplimiento de las normas.;9003436316;14;2;S;S
;DS;Acepta observaciones y sugerencias sobre su comportamiento con los demás;9003436316;14;2;S;S
;DS;Valora la señal de la cruz como el gesto que los cristianos empleamos para iniciar nuestra oración.;9003436316;14;2;S;S
;DS;Respeta, valora y participa constructivamente en las diferentes actividades escolares.;9003436316;14;2;S;S
;DS;Es solidario y se preocupa por ayudar a sus compañeros;9003436316;14;2;S;S
;DS;Es puntual en el cumplimiento del horario establecido de las actividades escolares.;9003436316;14;2;S;S
;DS;Refleja dinamismo;9003436316;14;2;S;S
;DS;Disfruta cuando se le tiene en cuenta para participar en juegos y cuando se le pide su opinión.;9003436316;14;2;S;S
;DS;Desarrolla diversas habilidades tanto manuales como corporales.;9003436316;24;1;S;S
;DS;Realiza figuras sencillas con plastilina.;9003436316;24;1;S;S
;DS;Realiza actividades con material didáctico.;9003436316;24;1;S;S
;DS;Trabaja con interés utilizando los diferentes materiales: Crayolas, vinilos, papeles y colores.;9003436316;24;1;S;S
;DS;Realiza sus trabajos con agrado.;9003436316;24;1;S;S
;DS;Rasga con las uñas en forma correcta;9003436316;24;1;S;S
;DS;Muestra agrado al realizar actividades estéticas;9003436316;24;1;S;S
;DS;Disfruta al entonar canciones;9003436316;24;1;S;S
;DS;Se ejercita en el manejo del pincel.;9003436316;24;1;S;S
;DS;Participa, valora y disfruta de las experiencias culturales propias de su colegio y comunidad.;9003436316;24;1;S;S
;DS;Posee habilidad en la ejecución de diferentes técnicas y en manejo de diversos materiales.;9003436316;24;1;S;S
;DS;Desarrolla diversas habilidades tanto manuales como corporales.;9003436316;24;2;S;S
;DS;Realiza figuras sencillas con plastilina.;9003436316;24;2;S;S
;DS;Realiza actividades con material didáctico.;9003436316;24;2;S;S
;DS;Trabaja con interés utilizando los diferentes materiales: Crayolas, vinilos, papeles y colores.;9003436316;24;2;S;S
;DS;Realiza sus trabajos con agrado.;9003436316;24;2;S;S
;DS;Rasga con las uñas en forma correcta;9003436316;24;2;S;S
;DS;Muestra agrado al realizar actividades estéticas;9003436316;24;2;S;S
;DS;Disfruta al entonar canciones;9003436316;24;2;S;S
;DS;Se ejercita en el manejo del pincel.;9003436316;24;2;S;S
;DS;Participa, valora y disfruta de las experiencias culturales propias de su colegio y comunidad.;9003436316;24;2;S;S
;DS;Posee habilidad en la ejecución de diferentes técnicas y en manejo de diversos materiales.;9003436316;24;2;S;S
;DS;Falta acompañamiento de padres de familia en las tareas.;9003436316;22;2;S;S
;DS;Le falta dinamismo y creatividad para potenciar su desarrollo integral.;9003436316;22;2;S;S
;DS;Tiene dificultad para comunicar sus sentimientos, necesidades y emociones.;9003436316;22;2;S;S
;DS;Desarrolla con limitaciones sus compromisos y necesidades;9003436316;22;2;S;S
;DS;Realiza con mucha deficiencia las actividades programadas.;9003436316;22;2;S;S
;DS;Demuestra muy poco interés por desarrollar habilidades y destrezas en la escritura.;9003436316;22;2;S;S
;DS;Pide ayuda a otras personas así pueda realizar las cosas.;9003436316;22;2;S;S
;DS;Se le debe reforzar en el manejo del renglón.;9003436316;22;2;S;S
;DS;Debe continuar con los ejercicios de pre escritura.;9003436316;22;2;S;S
;DS;Es despreocupado(a) y lento(a) para desarrollar sus actividades.;9003436316;22;2;S;S
;DS;Reconoce las figuras geométricas como: Triangulo, círculo y cuadrado.;9003436316;22;3;S;S
;DS;Reconoce en objetos del medio, forma de figuras como circulo, cuadrado, triangulo y rectángulo.;9003436316;22;3;S;S
;DS;Identifica los colores primarios.;9003436316;22;3;S;S
;DS; Identifica los colores primarios y secundarios.;9003436316;22;3;S;S
;DS;Continúa la secuencia de una variable.;9003436316;22;3;S;S
;DS;Participa activamente en clase.;9003436316;22;3;S;S
;DS;Reconoce su esquema corporal con características propias de su género.;9003436316;22;3;S;S
;DS;Se ubica y establece relaciones de objetos en el espacio teniendo en cuenta nociones como: Arriba- abajo, dentro- fuera, encima de- debajo de.;9003436316;22;3;S;S
;DS;Agrupa elementos por sus semejanzas.;9003436316;22;3;S;S
;DS;Establece las relaciones de semejanzas y diferencias;9003436316;22;3;S;S
;DS;Ordena objetos por diferencia de tamaño.;9003436316;22;3;S;S
;DS;Identifica características de los objetos y valora su importancia;9003436316;22;3;S;S
;DS;Adquiere noción de tamaño: Grande- pequeño, alto- bajo, corto- ancho, angosto- igual- mediano, grueso- delgado.;9003436316;22;3;S;S
;DS;Adquiere noción de cantidad: Mas, menos, igual, muchos, pocos.;9003436316;22;3;S;S
;DS;Reconoce su lado derecho.;9003436316;22;3;S;S
;DS;Identifica los integrantes de su grupo familiar.;9003436316;22;3;S;S
;DS;Identifica y describe la casa con sus partes y usos.;9003436316;22;3;S;S
;DS;Aprende el nombre de las personas que habitan en la casa.;9003436316;22;3;S;S
;DS;Identifica el nombre de su barrio.;9003436316;22;3;S;S
;DS;Reconoce la bandera de Colombia.;9003436316;22;3;S;S
;DS;Comprueba que de la mezcla de los colores rojos, amarillo se obtiene el anaranjado.;9003436316;22;3;S;S
;DS;Identifica el rectángulo.;9003436316;22;3;S;S
;DS;relaciona y aplica nociones especiales temporales y de lateralidad;9003436316;22;3;S;S
;DS;Reconoce el ovalo y el rombo como figuras geométricas.;9003436316;22;3;S;S
;DS;dentifica vocales, sonidos de la consonante m y toma dictados cortos;9003436316;22;3;S;S
;DS;Reconoce y asocia los números del 0 al 10 con la cantidad;9003436316;22;3;S;S
;DS;Identifica los medios de transporte: Aéreos, acuáticos y terrestres.;9003436316;22;3;S;S
;DS;Discrimina figuras superficiales.;9003436316;22;3;S;S
;DS;Reconoce semejanzas y diferencia en los objetos.;9003436316;22;3;S;S
;DS;reconoce los medios de comunicación como radio, televisión, internet, correo y teléfono.;9003436316;22;3;S;S
;DS;Identifica los cinco sentidos y sus funciones.;9003436316;22;3;S;S
;DS;Distingue diferentes tipos de vivienda.;9003436316;22;3;S;S
;DS;Identifica los símbolos patrios.;9003436316;22;3;S;S
;DS;Relaciona y aplica nociones espaciales, temporales y de lateralidad.;9003436316;22;3;S;S
;DS;Relaciona conceptos nuevos con otros ya conocidos mediante la comparación, semejanza y diferencia.;9003436316;22;3;S;S
;DS;Posee espíritu de búsqueda, indagación y deseo de encontrar solución a los problemas.;9003436316;22;3;S;S
;DS;Reconoce las partes de una planta.;9003436316;22;3;S;S
;DS;Conoce y comprende algunas normas elementales para el cuidado de la naturaleza.;9003436316;22;3;S;S
;DS;Distingue los astros que se ven en el día y los que aparecen en la noche.;9003436316;22;3;S;S
;DS;Diferencia las actividades que se realizan en el día de las que ocurren en la noche;9003436316;22;3;S;S
;DS;Diferencia animales domésticos y salvajes.;9003436316;22;3;S;S
;DS;Imita el sonido de algunos animales.;9003436316;22;3;S;S
;DS;Reconoce el lugar donde viven algunos animales;9003436316;22;3;S;S
;DS;Nombra oficios y profesiones;9003436316;22;3;S;S
;DS;Reconoce su lado izquierdo.;9003436316;22;3;S;S
;DS;Posee un buen manejo del renglón.;9003436316;22;3;S;S
;DS;Identifica y traza las vocales;9003436316;22;3;S;S
;DS;Identifica y traza los números del 1 al 5.;9003436316;22;3;S;S
;DS;Asocia símbolos con cantidad.;9003436316;22;3;S;S
;DS;Comprende conceptos pre matemáticos básicos.;9003436316;22;3;S;S
;DS;Reconoce el óvalo dentro de las figuras geométricas.;9003436316;22;3;S;S
;DS;Reconoce los elementos necesarios para una buena higiene oral.;9003436316;22;3;S;S
;DS;Identifica una decena.;9003436316;22;3;S;S
;DS;Reconoce la secuencia numérica del 1 al 20.;9003436316;22;3;S;S
;DS;Reconoce el rombo como figura geométrica.;9003436316;22;3;S;S
;DS; Reconoce la secuencia numérica del 1 al 40.;9003436316;22;3;S;S
;DS;Elabora preguntas utilizando nociones matemáticas.;9003436316;22;3;S;S
;DS;Usa los números cardinales y ordinales para contar objetos y ordenar secuencias.;9003436316;22;3;S;S
;DS;Comprende conceptos de los números y los asocia con cantidad.;9003436316;22;3;S;S
;DS;Se ejercita en trazos siguiendo líneas y puntos.;9003436316;22;3;S;S
;DS;Maneja con propiedad el cuaderno.;9003436316;22;3;S;S
;DS; Identifica y reconoce las consonantes m, p, s, l, d y t, y sus respectivos sonidos.;9003436316;22;3;S;S
;DS;Toma dictados cortos.;9003436316;22;3;S;S
;DS;Alcanzo los logros propuestos en relación a captar y reconocer símbolo, gráficos, consonantes, números, realizando e identificando sus trazos.;9003436316;22;3;S;S
;DS;Falta acompañamiento de padres de familia en las tareas.;9003436316;22;3;S;S
;DS;Le falta dinamismo y creatividad para potenciar su desarrollo integral.;9003436316;22;3;S;S
;DS;Tiene dificultad para comunicar sus sentimientos, necesidades y emociones.;9003436316;22;3;S;S
;DS;Desarrolla con limitaciones sus compromisos y necesidades;9003436316;22;3;S;S
;DS;Realiza con mucha deficiencia las actividades programadas.;9003436316;22;3;S;S
;DS;Demuestra muy poco interés por desarrollar habilidades y destrezas en la escritura.;9003436316;22;3;S;S
;DS;Pide ayuda a otras personas así pueda realizar las cosas.;9003436316;22;3;S;S
;DS;Se le debe reforzar en el manejo del renglón.;9003436316;22;3;S;S
;DS;Debe continuar con los ejercicios de pre escritura.;9003436316;22;3;S;S
;DS;Es despreocupado(a) y lento(a) para desarrollar sus actividades.;9003436316;22;3;S;S
;DS;Reconoce las figuras geométricas como: Triangulo, círculo y cuadrado.;9003436316;22;4;S;S
;DS;Reconoce en objetos del medio, forma de figuras como circulo, cuadrado, triangulo y rectángulo.;9003436316;22;4;S;S
;DS;Identifica los colores primarios.;9003436316;22;4;S;S
;DS; Identifica los colores primarios y secundarios.;9003436316;22;4;S;S
;DS;Continúa la secuencia de una variable.;9003436316;22;4;S;S
;DS;Participa activamente en clase.;9003436316;22;4;S;S
;DS;Reconoce su esquema corporal con características propias de su género.;9003436316;22;4;S;S
;DS;Se ubica y establece relaciones de objetos en el espacio teniendo en cuenta nociones como: Arriba- abajo, dentro- fuera, encima de- debajo de.;9003436316;22;4;S;S
;DS;Agrupa elementos por sus semejanzas.;9003436316;22;4;S;S
;DS;Establece las relaciones de semejanzas y diferencias;9003436316;22;4;S;S
;DS;Ordena objetos por diferencia de tamaño.;9003436316;22;4;S;S
;DS;Identifica características de los objetos y valora su importancia;9003436316;22;4;S;S
;DS;Adquiere noción de tamaño: Grande- pequeño, alto- bajo, corto- ancho, angosto- igual- mediano, grueso- delgado.;9003436316;22;4;S;S
;DS;Adquiere noción de cantidad: Mas, menos, igual, muchos, pocos.;9003436316;22;4;S;S
;DS;Reconoce su lado derecho.;9003436316;22;4;S;S
;DS;Identifica los integrantes de su grupo familiar.;9003436316;22;4;S;S
;DS;Identifica y describe la casa con sus partes y usos.;9003436316;22;4;S;S
;DS;Aprende el nombre de las personas que habitan en la casa.;9003436316;22;4;S;S
;DS;Identifica el nombre de su barrio.;9003436316;22;4;S;S
;DS;Reconoce la bandera de Colombia.;9003436316;22;4;S;S
;DS;Comprueba que de la mezcla de los colores rojos, amarillo se obtiene el anaranjado.;9003436316;22;4;S;S
;DS;Identifica el rectángulo.;9003436316;22;4;S;S
;DS;relaciona y aplica nociones especiales temporales y de lateralidad;9003436316;22;4;S;S
;DS;Reconoce el ovalo y el rombo como figuras geométricas.;9003436316;22;4;S;S
;DS;Identifica vocales, sonidos de la consonante m y toma dictados cortos;9003436316;22;4;S;S
;DS;Reconoce y asocia los números del 0 al 10 con la cantidad;9003436316;22;4;S;S
;DS;Identifica los medios de transporte: Aéreos, acuáticos y terrestres.;9003436316;22;4;S;S
;DS;Discrimina figuras superficiales.;9003436316;22;4;S;S
;DS;Reconoce semejanzas y diferencia en los objetos.;9003436316;22;4;S;S
;DS;reconoce los medios de comunicación como radio, televisión, internet, correo y teléfono.;9003436316;22;4;S;S
;DS;Identifica los cinco sentidos y sus funciones.;9003436316;22;4;S;S
;DS;Distingue diferentes tipos de vivienda.;9003436316;22;4;S;S
;DS;Identifica los símbolos patrios.;9003436316;22;4;S;S
;DS;Relaciona y aplica nociones espaciales, temporales y de lateralidad.;9003436316;22;4;S;S
;DS;Relaciona conceptos nuevos con otros ya conocidos mediante la comparación, semejanza y diferencia.;9003436316;22;4;S;S
;DS;Posee espíritu de búsqueda, indagación y deseo de encontrar solución a los problemas.;9003436316;22;4;S;S
;DS;Reconoce las partes de una planta.;9003436316;22;4;S;S
;DS;Conoce y comprende algunas normas elementales para el cuidado de la naturaleza.;9003436316;22;4;S;S
;DS;Distingue los astros que se ven en el día y los que aparecen en la noche.;9003436316;22;4;S;S
;DS;Diferencia las actividades que se realizan en el día de las que ocurren en la noche;9003436316;22;4;S;S
;DS;Diferencia animales domésticos y salvajes.;9003436316;22;4;S;S
;DS;Imita el sonido de algunos animales.;9003436316;22;4;S;S
;DS;Reconoce el lugar donde viven algunos animales;9003436316;22;4;S;S
;DS;Nombra oficios y profesiones;9003436316;22;4;S;S
;DS;Reconoce su lado izquierdo.;9003436316;22;4;S;S
;DS;Posee un buen manejo del renglón.;9003436316;22;4;S;S
;DS;Identifica y traza las vocales;9003436316;22;4;S;S
;DS;Identifica y traza los números del 1 al 5.;9003436316;22;4;S;S
;DS;Asocia símbolos con cantidad.;9003436316;22;4;S;S
;DS;Comprende conceptos pre matemáticos básicos.;9003436316;22;4;S;S
;DS;Reconoce el óvalo dentro de las figuras geométricas.;9003436316;22;4;S;S
;DS;Reconoce los elementos necesarios para una buena higiene oral.;9003436316;22;4;S;S
;DS;Identifica una decena.;9003436316;22;4;S;S
;DS;Reconoce la secuencia numérica del 1 al 20.;9003436316;22;4;S;S
;DS;Reconoce el rombo como figura geométrica.;9003436316;22;4;S;S
;DS; Reconoce la secuencia numérica del 1 al 40.;9003436316;22;4;S;S
;DS;Elabora preguntas utilizando nociones matemáticas.;9003436316;22;4;S;S
;DS;Usa los números cardinales y ordinales para contar objetos y ordenar secuencias.;9003436316;22;4;S;S
;DS;Comprende conceptos de los números y los asocia con cantidad.;9003436316;22;4;S;S
;DS;Se ejercita en trazos siguiendo líneas y puntos.;9003436316;22;4;S;S
;DS;Maneja con propiedad el cuaderno.;9003436316;22;4;S;S
;DS; Identifica y reconoce las consonantes m, p, s, l, d y t, y sus respectivos sonidos.;9003436316;22;4;S;S
;DS;Toma dictados cortos.;9003436316;22;4;S;S
;DS;Alcanzo los logros propuestos en relación a captar y reconocer símbolo, gráficos, consonantes, números, realizando e identificando sus trazos.;9003436316;22;4;S;S
;DS;Falta acompañamiento de padres de familia en las tareas.;9003436316;22;4;S;S
;DS;Le falta dinamismo y creatividad para potenciar su desarrollo integral.;9003436316;22;4;S;S
;DS;Tiene dificultad para comunicar sus sentimientos, necesidades y emociones.;9003436316;22;4;S;S
;DS;Desarrolla con limitaciones sus compromisos y necesidades;9003436316;22;4;S;S
;DS;Realiza con mucha deficiencia las actividades programadas.;9003436316;22;4;S;S
;DS;Demuestra muy poco interés por desarrollar habilidades y destrezas en la escritura.;9003436316;22;4;S;S
;DS;Pide ayuda a otras personas así pueda realizar las cosas.;9003436316;22;4;S;S
;DS;Se le debe reforzar en el manejo del renglón.;9003436316;22;4;S;S
;DS;Debe continuar con los ejercicios de pre escritura.;9003436316;22;4;S;S
;DS;Es despreocupado(a) y lento(a) para desarrollar sus actividades.;9003436316;22;4;S;S
;DS;Escucha con atención la lectura de cuentos e historias.;9003436316;21;3;S;S
;DS;Su vocabulario es acorde a la edad.;9003436316;21;3;S;S
;DS;Se expresa con mucha fluidez y coherencia.;9003436316;21;3;S;S
;DS;Realiza trazos de pre escritura sin dificultad.;9003436316;21;3;S;S
;DS;Observa e interpreta láminas.;9003436316;21;3;S;S
;DS;Utiliza un lenguaje apropiado para explicar vivencias, situaciones y experiencias.;9003436316;21;3;S;S
;DS;Adivina lo que sucederá en un cuento, de acuerdo con el argumento.;9003436316;21;3;S;S
;DS;Comprende textos orales sencillos.;9003436316;21;3;S;S
;DS; Se comunica con claridad y precisión con sus compañeros y amigos.;9003436316;21;3;S;S
;DS;Realiza lectura de imágenes.;9003436316;21;3;S;S
;DS;Diferencia dibujo de escritura.;9003436316;21;3;S;S
;DS;Enriquece su vocabulario, lo relaciona y explica a su realidad.;9003436316;21;3;S;S
;DS;Describe con detalles y alegría algunas situaciones cotidianas;9003436316;21;3;S;S
;DS;Tiene facilidad para memorizar poesías, cantos y cuentos.;9003436316;21;3;S;S
;DS;Relaciona las partes del cuerpo con sus prendas correspondientes.;9003436316;21;3;S;S
;DS;Escucha con atención cuando le hablan o explican algo.;9003436316;21;3;S;S
;DS;Emplea nuevas palabras para construir oraciones sencillas.;9003436316;21;3;S;S
;DS;Expresa argumentos y propone ideas.;9003436316;21;3;S;S
;DS;Utiliza  el vocabulario correcto y adecuado.;9003436316;21;3;S;S
;DS;Su expresión oral es clara y correcta.;9003436316;21;3;S;S
;DS;Realiza con agrado ejercicios de pre lectura.;9003436316;21;3;S;S
;DS;Realiza comprensión de textos sencillos.;9003436316;21;3;S;S
;DS;Reconoce, distingue y describe situaciones.;9003436316;21;3;S;S
;DS;Aplica muy bien las técnicas de comunicación dadas.;9003436316;21;3;S;S
;DS;Desarrolla muy bien sus destrezas de lectura.;9003436316;21;3;S;S
;DS;Formula preguntas relacionadas con sus actividades académicas.;9003436316;21;3;S;S
;DS;Relaciona los conceptos nuevos con otros ya conocidos, argumentando sus respuestas.;9003436316;21;3;S;S
;DS;Utiliza el lenguaje artístico para comunicar la visión del mundo que lo rodea.;9003436316;21;3;S;S
;DS;Se expresa ante el público con mucha fluidez y espontaneidad.;9003436316;21;3;S;S
;DS;demostró seguridad al participar en diálogos y diferentes actividades, en donde requiere expresar sus ideas y aptitudes.;9003436316;21;3;S;S
;DS;Lee con facilidad, toma dictados cortos.;9003436316;21;3;S;S
;DS;Relaciona los conceptos nuevos con otros ya conocidos argumentando sus respuestas.;9003436316;21;3;S;S
;DS;Presenta dificultad para expresar sus ideas, es poco expresivo.;9003436316;21;3;S;S
;DS;Se distrae con facilidad.;9003436316;21;3;S;S
;DS;No escucha con atención las lecturas y cuentos, por eso en ocasiones sus respuestas no son acorde al tema.;9003436316;21;3;S;S
;DS;Tiene dificultad en el manejo del renglón.;9003436316;21;3;S;S
;DS;Escucha con atención la lectura de cuentos e historias.;9003436316;21;4;S;S
;DS;Su vocabulario es acorde a la edad.;9003436316;21;4;S;S
;DS;Se expresa con mucha fluidez y coherencia.;9003436316;21;4;S;S
;DS;Realiza trazos de pre escritura sin dificultad.;9003436316;21;4;S;S
;DS;Observa e interpreta láminas.;9003436316;21;4;S;S
;DS;Utiliza un lenguaje apropiado para explicar vivencias, situaciones y experiencias.;9003436316;21;4;S;S
;DS;Adivina lo que sucederá en un cuento, de acuerdo con el argumento.;9003436316;21;4;S;S
;DS;Comprende textos orales sencillos.;9003436316;21;4;S;S
;DS; Se comunica con claridad y precisión con sus compañeros y amigos.;9003436316;21;4;S;S
;DS;Realiza lectura de imágenes.;9003436316;21;4;S;S
;DS;Diferencia dibujo de escritura.;9003436316;21;4;S;S
;DS;Enriquece su vocabulario, lo relaciona y explica a su realidad.;9003436316;21;4;S;S
;DS;Describe con detalles y alegría algunas situaciones cotidianas;9003436316;21;4;S;S
;DS;Tiene facilidad para memorizar poesías, cantos y cuentos.;9003436316;21;4;S;S
;DS;Relaciona las partes del cuerpo con sus prendas correspondientes.;9003436316;21;4;S;S
;DS;Escucha con atención cuando le hablan o explican algo.;9003436316;21;4;S;S
;DS;Emplea nuevas palabras para construir oraciones sencillas.;9003436316;21;4;S;S
;DS;Expresa argumentos y propone ideas.;9003436316;21;4;S;S
;DS;Utiliza  el vocabulario correcto y adecuado.;9003436316;21;4;S;S
;DS;Su expresión oral es clara y correcta.;9003436316;21;4;S;S
;DS;Realiza con agrado ejercicios de pre lectura.;9003436316;21;4;S;S
;DS;Realiza comprensión de textos sencillos.;9003436316;21;4;S;S
;DS;Reconoce, distingue y describe situaciones.;9003436316;21;4;S;S
;DS;Aplica muy bien las técnicas de comunicación dadas.;9003436316;21;4;S;S
;DS;Desarrolla muy bien sus destrezas de lectura.;9003436316;21;4;S;S
;DS;Formula preguntas relacionadas con sus actividades académicas.;9003436316;21;4;S;S
;DS;Relaciona los conceptos nuevos con otros ya conocidos, argumentando sus respuestas.;9003436316;21;4;S;S
;DS;Utiliza el lenguaje artístico para comunicar la visión del mundo que lo rodea.;9003436316;21;4;S;S
;DS;Se expresa ante el público con mucha fluidez y espontaneidad.;9003436316;21;4;S;S
;DS;demostró seguridad al participar en diálogos y diferentes actividades, en donde requiere expresar sus ideas y aptitudes.;9003436316;21;4;S;S
;DS;Lee con facilidad, toma dictados cortos.;9003436316;21;4;S;S
;DS;Relaciona los conceptos nuevos con otros ya conocidos argumentando sus respuestas.;9003436316;21;4;S;S
;DS;Presenta dificultad para expresar sus ideas, es poco expresivo.;9003436316;21;4;S;S
;DS;Se distrae con facilidad.;9003436316;21;4;S;S
;DS;No escucha con atención las lecturas y cuentos, por eso en ocasiones sus respuestas no son acorde al tema.;9003436316;21;4;S;S
;DS;Tiene dificultad en el manejo del renglón.;9003436316;21;4;S;S
;DS;Se adapta con facilidad al ambiente escolar.;9003436316;14;3;S;S
;DS;Es respetuoso(a) en el trato con sus semejantes.;9003436316;14;3;S;S
;DS;Se integra con facilidad en las actividades lúdicas;9003436316;14;3;S;S
;DS;Manifiesta alegría y entusiasmo en clases.;9003436316;14;3;S;S
;DS; Acepta y acata sugerencias.;9003436316;14;3;S;S
;DS;Su comportamiento es excelente: Felicitaciones.;9003436316;14;3;S;S
;DS;Se le recomienda ser más delicado en sus juegos.;9003436316;14;3;S;S
;DS;Se integra y coopera en la realización de juegos y rondas.;9003436316;14;3;S;S
;DS;Acepta sus errores y los corrige;9003436316;14;3;S;S
;DS;Demuestra amor y respeto a su institución.;9003436316;14;3;S;S
;DS;Se preocupa por el orden del salón;9003436316;14;3;S;S
;DS;Toma decisiones por iniciativa propia.;9003436316;14;3;S;S
;DS;Participa en la elaboración de normas para la convivencia y las acepta;9003436316;14;3;S;S
;DS;Sabe trabajar independiente y en grupo;9003436316;14;3;S;S
;DS;Cumple con las normas de comportamiento en la institución.;9003436316;14;3;S;S
;DS;Aprende a comportarse de acuerdo a la situación.;9003436316;14;3;S;S
;DS;Muestra actitud y liderazgo.;9003436316;14;3;S;S
;DS;Demuestra interés por el respeto y cumplimiento de las normas.;9003436316;14;3;S;S
;DS;Acepta observaciones y sugerencias sobre su comportamiento con los demás.;9003436316;14;3;S;S
;DS;Valora la señal de la cruz como el gesto que los cristianos empleamos para iniciar nuestra oración;9003436316;14;3;S;S
;DS;Respeta, valora y participa constructivamente en las diferentes actividades escolares.;9003436316;14;3;S;S
;DS;Es solidario y se preocupa por ayudar a sus compañeros.;9003436316;14;3;S;S
;DS;Es puntual en el cumplimiento del horario establecido de las actividades escolares.;9003436316;14;3;S;S
;DS;Refleja dinamismo;9003436316;14;3;S;S
;DS;Disfruta cuando se le tiene en cuenta para participar en juegos y cuando se le pide su opinión;9003436316;14;3;S;S
;DS;Posee gran espíritu de colaboración.;9003436316;14;3;S;S
;DS;Utiliza las normas de convivencia.;9003436316;14;3;S;S
;DS;Da gracias a Dios en la oración por todo lo que tiene.;9003436316;14;3;S;S
;DS;Acepta a la virgen María como la madre de Jesús y madre nuestra;9003436316;14;3;S;S
;DS;Conoce y aprecia el cuidado del uniforme.;9003436316;14;3;S;S
;DS;Reconoce el valor de la amistad, el respeto en las diferentes actividades, compartiendo momentos felices con las personas que lo rodean.;9003436316;14;3;S;S
;DS;Demuestra liderazgo ante sus compañeros.;9003436316;14;3;S;S
;DS;Debe mejorar el juego brusco.;9003436316;14;3;S;S
;DS;Toma decisiones por iniciativa propia.;9003436316;14;3;S;S
;DS;Participa en la elaboración de normas para la convivencia y las acepta.;9003436316;14;3;S;S
;DS;Manipula las tijeras con firmeza y moderada coordinación;9003436316;14;3;S;S
;DS;Se le recomienda ser más delicado en el trato con sus semejantes.;9003436316;14;3;S;S
;DS;Debe ser más ordenado y cuidadoso con sus objetos personales.;9003436316;14;3;S;S
;DS;Se hace necesario que su participación sea más activa en el orden del salón.;9003436316;14;3;S;S
;DS;Se adapta con facilidad al ambiente escolar.;9003436316;14;4;S;S
;DS;Es respetuoso(a) en el trato con sus semejantes.;9003436316;14;4;S;S
;DS;Se integra con facilidad en las actividades lúdicas;9003436316;14;4;S;S
;DS;Manifiesta alegría y entusiasmo en clases.;9003436316;14;4;S;S
;DS; Acepta y acata sugerencias.;9003436316;14;4;S;S
;DS;Su comportamiento es excelente: Felicitaciones.;9003436316;14;4;S;S
;DS;Se le recomienda ser más delicado en sus juegos.;9003436316;14;4;S;S
;DS;Se integra y coopera en la realización de juegos y rondas.;9003436316;14;4;S;S
;DS;Acepta sus errores y los corrige;9003436316;14;4;S;S
;DS;Demuestra amor y respeto a su institución.;9003436316;14;4;S;S
;DS;Se preocupa por el orden del salón;9003436316;14;4;S;S
;DS;Toma decisiones por iniciativa propia.;9003436316;14;4;S;S
;DS;Participa en la elaboración de normas para la convivencia y las acepta;9003436316;14;4;S;S
;DS;Sabe trabajar independiente y en grupo;9003436316;14;4;S;S
;DS;Cumple con las normas de comportamiento en la institución.;9003436316;14;4;S;S
;DS;Aprende a comportarse de acuerdo a la situación.;9003436316;14;4;S;S
;DS;Muestra actitud y liderazgo.;9003436316;14;4;S;S
;DS;Demuestra interés por el respeto y cumplimiento de las normas.;9003436316;14;4;S;S
;DS;Acepta observaciones y sugerencias sobre su comportamiento con los demás.;9003436316;14;4;S;S
;DS;Valora la señal de la cruz como el gesto que los cristianos empleamos para iniciar nuestra oración;9003436316;14;4;S;S
;DS;Respeta, valora y participa constructivamente en las diferentes actividades escolares.;9003436316;14;4;S;S
;DS;Es solidario y se preocupa por ayudar a sus compañeros.;9003436316;14;4;S;S
;DS;Es puntual en el cumplimiento del horario establecido de las actividades escolares.;9003436316;14;4;S;S
;DS;Refleja dinamismo;9003436316;14;4;S;S
;DS;Disfruta cuando se le tiene en cuenta para participar en juegos y cuando se le pide su opinión;9003436316;14;4;S;S
;DS;Posee gran espíritu de colaboración.;9003436316;14;4;S;S
;DS;Utiliza las normas de convivencia.;9003436316;14;4;S;S
;DS;Da gracias a Dios en la oración por todo lo que tiene.;9003436316;14;4;S;S
;DS;Acepta a la virgen María como la madre de Jesús y madre nuestra;9003436316;14;4;S;S
;DS;Conoce y aprecia el cuidado del uniforme.;9003436316;14;4;S;S
;DS;Reconoce el valor de la amistad, el respeto en las diferentes actividades, compartiendo momentos felices con las personas que lo rodean.;9003436316;14;4;S;S
;DS;Demuestra liderazgo ante sus compañeros.;9003436316;14;4;S;S
;DS;Debe mejorar el juego brusco.;9003436316;14;4;S;S
;DS;Toma decisiones por iniciativa propia.;9003436316;14;4;S;S
;DS;Participa en la elaboración de normas para la convivencia y las acepta.;9003436316;14;4;S;S
;DS;Manipula las tijeras con firmeza y moderada coordinación;9003436316;14;4;S;S
;DS;Se le recomienda ser más delicado en el trato con sus semejantes.;9003436316;14;4;S;S
;DS;Debe ser más ordenado y cuidadoso con sus objetos personales.;9003436316;14;4;S;S
;DS;Se hace necesario que su participación sea más activa en el orden del salón.;9003436316;14;4;S;S
;DS;Utiliza correctamente los materiales de trabajo.;9003436316;24;3;S;S
;DS;Presenta sus trabajos en orden.;9003436316;24;3;S;S
;DS;Colorea respetando los límites.;9003436316;24;3;S;S
;DS;Debe ser más ordenado con sus materiales;9003436316;24;3;S;S
;DS;Se ejercita en las diferentes técnicas de apoyo.;9003436316;24;3;S;S
;DS;Delimita espacios para colorear.;9003436316;24;3;S;S
;DS;Es creativo en la realización de sus trabajos.;9003436316;24;3;S;S
;DS;Logra coordinar movimientos finos: Coloreado, recortado, punzado, etc.;9003436316;24;3;S;S
;DS;Demuestra habilidad en el manejo del repertorio de técnicas plásticas.;9003436316;24;3;S;S
;DS;Realiza dibujos libres utilizando crayolas, temperas, colores.;9003436316;24;3;S;S
;DS;Combina colores y diferentes técnicas en creaciones artísticas.;9003436316;24;3;S;S
;DS;Le gusta moldear figuras dadas.;9003436316;24;3;S;S
;DS;Colorea efectuando trazos en la misma dirección y respetando límites.;9003436316;24;3;S;S
;DS; muestra agrado al realizar actividades estéticas;9003436316;24;3;S;S
;DS;Hace figuras sencillas en plastilina.;9003436316;24;3;S;S
;DS;Disfruta al entonar canciones;9003436316;24;3;S;S
;DS;Manipula las tijeras con firmeza y moderada coordinación.;9003436316;24;3;S;S
;DS;Se ejercita en el manejo del pincel.;9003436316;24;3;S;S
;DS;Participa, valora y disfruta de las experiencias culturales propias de su colegio y comunidad.;9003436316;24;3;S;S
;DS;Posee habilidad en la ejecución de diferentes técnicas y en el manejo diversos materiales.;9003436316;24;3;S;S
;DS;Elabora sus trabajos con estética y usa adecuadamente los materiales.;9003436316;24;3;S;S
;DS;Demuestra interés y actúa con mucha seguridad al realizar sus trabajos;9003436316;24;3;S;S
;DS;Se emociona y disfruta al contemplar composiciones que expresen creaciones estéticas.;9003436316;24;3;S;S
;DS;Disfruta realizando sus trabajos, es ordenado(a) y cuidadoso(a) con ellos.;9003436316;24;3;S;S
;DS;Mostro interés y participo en las actividades creativas desarrollando sus habilidades y destrezas.;9003436316;24;3;S;S
;DS;Se le debe reforzar en la técnica del coloreado;9003436316;24;3;S;S
;DS;No valora sus trabajos, es desorganizado(a).;9003436316;24;3;S;S
;DS;Es poco creativo en la realización de sus trabajos.;9003436316;24;3;S;S
;DS;Se le dificulta realizar trabajos en forma dirigida.;9003436316;24;3;S;S
;DS;Se hace necesario continuar reforzando las diferentes técnicas plásticas.;9003436316;24;3;S;S
;DS;Utiliza correctamente los materiales de trabajo.;9003436316;24;4;S;S
;DS;Presenta sus trabajos en orden.;9003436316;24;4;S;S
;DS;Colorea respetando los límites.;9003436316;24;4;S;S
;DS;Debe ser más ordenado con sus materiales;9003436316;24;4;S;S
;DS;Se ejercita en las diferentes técnicas de apoyo.;9003436316;24;4;S;S
;DS;Delimita espacios para colorear.;9003436316;24;4;S;S
;DS;Es creativo en la realización de sus trabajos.;9003436316;24;4;S;S
;DS;Logra coordinar movimientos finos: Coloreado, recortado, punzado, etc.;9003436316;24;4;S;S
;DS;Demuestra habilidad en el manejo del repertorio de técnicas plásticas.;9003436316;24;4;S;S
;DS;Realiza dibujos libres utilizando crayolas, temperas, colores.;9003436316;24;4;S;S
;DS;Combina colores y diferentes técnicas en creaciones artísticas.;9003436316;24;4;S;S
;DS;Le gusta moldear figuras dadas.;9003436316;24;4;S;S
;DS;Colorea efectuando trazos en la misma dirección y respetando límites.;9003436316;24;4;S;S
;DS; muestra agrado al realizar actividades estéticas;9003436316;24;4;S;S
;DS;Hace figuras sencillas en plastilina.;9003436316;24;4;S;S
;DS;Disfruta al entonar canciones;9003436316;24;4;S;S
;DS;Manipula las tijeras con firmeza y moderada coordinación.;9003436316;24;4;S;S
;DS;Se ejercita en el manejo del pincel.;9003436316;24;4;S;S
;DS;Participa, valora y disfruta de las experiencias culturales propias de su colegio y comunidad.;9003436316;24;4;S;S
;DS;Posee habilidad en la ejecución de diferentes técnicas y en el manejo diversos materiales.;9003436316;24;4;S;S
;DS;Elabora sus trabajos con estética y usa adecuadamente los materiales.;9003436316;24;4;S;S
;DS;Demuestra interés y actúa con mucha seguridad al realizar sus trabajos;9003436316;24;4;S;S
;DS;Se emociona y disfruta al contemplar composiciones que expresen creaciones estéticas.;9003436316;24;4;S;S
;DS;Disfruta realizando sus trabajos, es ordenado(a) y cuidadoso(a) con ellos.;9003436316;24;4;S;S
;DS;Mostro interés y participo en las actividades creativas desarrollando sus habilidades y destrezas.;9003436316;24;4;S;S
;DS;Se le debe reforzar en la técnica del coloreado;9003436316;24;4;S;S
;DS;No valora sus trabajos, es desorganizado(a).;9003436316;24;4;S;S
;DS;Es poco creativo en la realización de sus trabajos.;9003436316;24;4;S;S
;DS;Se le dificulta realizar trabajos en forma dirigida.;9003436316;24;4;S;S
;DS;Se hace necesario continuar reforzando las diferentes técnicas plásticas.;9003436316;24;4;S;S
;DS;Reconoce las expresiones algebraicas como representaciones de operaciones y números generalizados;9003436316;7;12;S;S
;DS;Clasifica expresiones algebraicas de acuerdo al numero de términos;9003436316;7;12;S;S
;DS;Halla el valor numérico de expresiones algebraicas.;9003436316;7;12;S;S
;DS;Identifica y simplifica términos semejantes en una expresión algebraica. ;9003436316;7;12;S;S
;DS;Resuelve operaciones aditivas entre monomios  y polinomios;9003436316;7;12;S;S
;DS;Manejan los procesos de factorización y los aplica en la simplificación de expresiones  algebraicas.;9003436316;7;13;S;S
;DS;Identifica la potencia como una operación y reconoce sus propiedades.;9003436316;7;13;S;S
;DS;Aplica las propiedades de las potenciación para resolver diferentes operaciones con         potencias.;9003436316;7;13;S;S
;DS;Participa y entrega a tiempo todas sus actividades ;9003436316;7;13;S;S
;DS;Grafica las funciones trigonométricas en el plano cartesiano.;9003436316;7;14;S;S
;DS;Identifica , en cadafunción, las diferentes características de cada una de las funciones;9003436316;7;14;S;S
;DS;Resuelve problemas aplicando las razones trigonométricas;9003436316;7;14;S;S
;DS;Soluciona triángulos rectángulos aplicando las razones trigonométricas;9003436316;7;14;S;S
;DS;Reconoce las características y la representación gráfica de las funciones y las clasifica;9003436316;7;15;S;S
;DS;Determina el dominio, el codominio, el rango y el grado de una función. ;9003436316;7;15;S;S
;DS;Determina si una función es inyectiva, sobreyectiva o biyectiva, además si es par o impar.;9003436316;7;15;S;S
;DS;Construye la grafica de una función poli nómica, racional y especial;9003436316;7;15;S;S
;DS;Nombra animales salvajes en inglés;9003436316;25;5;S;S
;DS;Utiliza adjetivos calificativos para describir animales en inglés;9003436316;25;5;S;S
;DS;Escribe y Nombra prendas de vestir en Inglés;9003436316;25;6;S;S
;DS;Canta rondas en inglés y es ágil siguiendo las instrucciones que se dan en ellas;9003436316;25;6;S;S
;DS;Reconoce y nombra partes de la ciudad;9003436316;25;7;S;S
;DS;Responde preguntas de forma oral y escrita utilizando preposiciones de lugar;9003436316;25;7;S;S
;DS;Realiza oraciones  cortas en presente simple;9003436316;25;8;S;S
;DS;Reconoce la estructura de la pregunta en presente simple y realiza preguntas con ella;9003436316;25;8;S;S
;DS;Realiza escritos sobre su rutina diaria en presente simple;9003436316;25;8;S;S
;DS;Reconoce las reglas gramaticales para el presente continuo;9003436316;25;9;S;S
;DS;Realiza oraciones y preguntas en presente continuo;9003436316;25;9;S;S
;DS;Escribe historia cortas en presente simple;9003436316;25;9;S;S
