Consecutivo;estandar;competencia;estrategia;grado inicio;gradofinal;grados;grado unico;iddocente
421;6;Reconozco significados del número en diferentes contextos (medición, conteo, comparación, codificación, localización entre otros).;;1;3;1-3;1;admin
422;6;Describo, comparo y cuantifico situaciones con números, en diferentes contextos y con diversas representaciones.;;1;3;1-3;1;admin
423;6;Describo situaciones que requieren el uso de medidas relativas.;;1;3;1-3;1;admin
424;6;Describo situaciones de medición utilizando fracciones comunes.;;1;3;1-3;1;admin
425;6;Uso representaciones, principalmente concretas y pictóricas para explicar el valor de posición en  el sistema de numeración decimal.;;1;3;1-3;1;admin
426;6;Uso representaciones, principalmente concretas y pictóricas para realizar equivalencias de un número en las diferentes unidades del sistema decimal.;;1;3;1-3;1;admin
427;6;Reconozco propiedades de los números (ser par, ser impar, etc.) y relaciones entre ellos (ser mayor que, ser menor que, ser múltiplo de, ser divisible por, etc.) en diferentes contextos.;;1;3;1-3;1;admin
428;6;Resuelvo y formulo problemas en situaciones aditivas de composición y de transformación. Resuelvo y formulo problemas en situaciones de variación proporcional.;;1;3;1-3;1;admin
429;6;Uso diversas estrategias de cálculo (especialmente cálculo mental) y de estimación para resolver problemas en situaciones aditivas y multiplicativas.;;1;3;1-3;1;admin
430;6;Identifico, si a la luz de los datos de un problema, los resultados obtenidos son o no razonables.;;1;3;1-3;1;admin
431;6;Identifico regularidades y propiedades de los números utilizando diferentes instrumentos de cálculo (calculadoras, ábacos, bloques multibase, etc.);;1;3;1-3;1;admin
432;7;Diferencio atributos y propiedades de objetos tridimensionales.;;1;3;1-3;1;admin
433;7;Dibujo y describo cuerpos o fi guras tridimensionales en distintas posiciones y tamaños.;;1;3;1-3;1;admin
434;7;Reconozco nociones de horizontalidad, verticalidad, paralelismo y perpendicularidad en distintos contextos y su condición relativa con respecto a diferentes sistemas de referencia.;;1;3;1-3;1;admin
435;7;Represento el espacio circundante para establecer relaciones espaciales. Reconozco y aplico traslaciones y giros sobre una figura.;;1;3;1-3;1;admin
436;7;Reconozco y valoro simetrías en distintos aspectos del arte y el diseño.;;1;3;1-3;1;admin
437;7;Reconozco congruencia y semejanza entre fi guras (ampliar, reducir).;;1;3;1-3;1;admin
438;7;Realizo construcciones y diseños utilizando cuerpos y fi guras geométricas tridimensionales y dibujos o fi guras geométricas bidimensionales.;;1;3;1-3;1;admin
439;7;Desarrollo habilidades para relacionar dirección, distancia y posición en el espacio.;;1;3;1-3;1;admin
440;8;Reconozco en los objetos propiedades o atributos que se puedan medir (longitud, área, volumen, capacidad, peso y masa) y, en los eventos, su duración. Comparo y ordeno objetos respecto a atributos medibles.;;1;3;1-3;1;admin
441;8;Realizo y describo procesos de medición con patrones arbitrarios y algunos estandarizados, de acuerdo al contexto.;;1;3;1-3;1;admin
442;8;Analizo y explico sobre la pertinencia de patrones e instrumentos en procesos de medición.;;1;3;1-3;1;admin
443;8;Realizo estimaciones de medidas requeridas en la resolución de problemas relativos  particularmente a la vida social, económica y de las ciencias.;;1;3;1-3;1;admin
444;8;Reconozco el uso de las magnitudes y sus unidades de medida en situaciones aditivas y multiplicativas.;;1;3;1-3;1;admin
445;10;Clasifico y organizo datos de acuerdo a cualidades y atributos y los presento en tablas.;;1;3;1-3;1;admin
446;10;Interpreto cualitativamente datos referidos a situaciones del entorno escolar.;;1;3;1-3;1;admin
447;10;Describo situaciones o eventos a partir de un conjunto de datos.;;1;3;1-3;1;admin
448;10;Represento datos relativos a mi entorno usando objetos concretos, pictogramas y diagramas de barras.;;1;3;1-3;1;admin
449;10;Identifico regularidades y tendencias en un conjunto de datos.;;1;3;1-3;1;admin
450;10;Explico desde mi experiencia la posibilidad o imposibilidad de ocurrencia de eventos cotidianos.;;1;3;1-3;1;admin
451;10;Predigo si la posibilidad de ocurrencia de un evento es mayor que la de otro.;;1;3;1-3;1;admin
452;10;Resuelvo y formulo preguntas que requieran para su solución coleccionar y analizar datos del entorno próximo.;;1;3;1-3;1;admin
453;9;Reconozco y describo regularidades y patrones en distintos contextos (numérico, geométrico, musical, entre otros).;;1;3;1-3;1;admin
454;9;Describo cualitativamente situaciones de cambio y variación utilizando el lenguaje natural, dibujos y gráficas.;;1;3;1-3;1;admin
455;9;Reconozco y genero equivalencias entre expresiones numéricas y describo cómo cambian los símbolos aunque el valor siga igual.;;1;3;1-3;1;admin
456;9;Construyo secuencias numéricas y geométricas utilizando propiedades de los números y de las figuras geométricas.;;1;3;1-3;1;admin
457;6;Interpreto las fracciones en diferentes contextos: situaciones de medición, relaciones parte todo, cociente, razones y proporciones.;;4;5;4-5;4;admin
458;6;Identifico y uso medidas relativas en distintos contextos.;;4;5;4-5;4;admin
459;6;Utilizo la notación decimal para expresar fracciones en diferentes contextos y relaciono estas dos  notaciones con la de los porcentajes.;;4;5;4-5;4;admin
460;6;Justifico el valor de posición en el sistema de numeración decimal en relación con el conteo recurrente de unidades.;;4;5;4-5;4;admin
461;6;Resuelvo y formulo problemas cuya estrategia de solución requiera de las relaciones y propiedades de los números naturales y sus operaciones.;;4;5;4-5;4;admin
462;6;Resuelvo y formulo problemas en situaciones aditivas de composición, transformación, comparación e igualación.;;4;5;4-5;4;admin
463;6;Resuelvo y formulo problemas en situaciones de proporcionalidad directa, inversa y producto de medidas.;;4;5;4-5;4;admin
464;6;Identifico la potenciación y la radicación en contextos matemáticos y no matemáticos.;;4;5;4-5;4;admin
465;6;Modelo situaciones de dependencia mediante la proporcionalidad directa e inversa.;;4;5;4-5;4;admin
466;6;Uso diversas estrategias de cálculo y de estimación para resolver problemas en situaciones aditivas y multiplicativas.;;4;5;4-5;4;admin
467;6;Identifico, en el contexto de una situación, la necesidad de un cálculo exacto o aproximado y lo razonable de los resultados obtenidos.;;4;5;4-5;4;admin
468;6;Justifico regularidades y propiedades de los números, sus relaciones y operaciones.;;4;5;4-5;4;admin
469;7;Comparo y clasifico objetos tridimensionales de acuerdo con componentes (caras, lados) y propiedades.;;4;5;4-5;4;admin
470;7;Comparo y clasifico fi guras bidimensionales de acuerdo con sus componentes (ángulos, vértices) y características.;;4;5;4-5;4;admin
471;7;Identifico, represento y utilizo ángulos en giros, aberturas, inclinaciones, fi guras, puntas y esquinas en situaciones estáticas y dinámicas.;;4;5;4-5;4;admin
472;7;Utilizo sistemas de coordenadas para especificar localizaciones y describir relaciones espaciales.;;4;5;4-5;4;admin
473;7;Identifico y justifico relaciones de congruencia y semejanza entre figuras.;;4;5;4-5;4;admin
474;7;Construyo y descompongo fi guras y sólidos a partir de condiciones dadas.;;4;5;4-5;4;admin
475;7;Conjeturo y verifico los resultados de aplicar transformaciones a figuras en el plano para construir diseños.;;4;5;4-5;4;admin
476;7;Construyo objetos tridimensionales a partir de representaciones bidimensionales y puedo realizar el proceso contrario en contextos de arte, diseño y arquitectura.;;4;5;4-5;4;admin
477;8;"Diferencio y ordeno, en objetos y eventos, propiedades o atributos que se puedan medir (longitudes, distancias, áreas de superficies, volúmenes de cuerpos sólidos, volúmenes de líquidos y capacidades de recipientes; pesos y masa de cuerpos sólidos; duración de eventos o procesos; amplitud de ángulos).";;4;5;4-5;4;admin
478;8;Selecciono unidades, tanto convencionales como estandarizadas, apropiadas para diferentes mediciones.;;4;5;4-5;4;admin
479;8;Utilizo y justifico el uso de la estimación para resolver problemas relativos a la vida social, económica y de las ciencias, utilizando rangos de variación.;;4;5;4-5;4;admin
480;8;Utilizo diferentes procedimientos de cálculo para hallar el área de la superficie exterior y el volumen de algunos cuerpos sólidos.;;4;5;4-5;4;admin
481;8;Justifico relaciones de dependencia del área y volumen, respecto a las dimensiones de fi guras y  sólidos.;;4;5;4-5;4;admin
482;8;Reconozco el uso de algunas magnitudes (longitud, área, volumen, capacidad, peso y masa, duración, rapidez, temperatura) y de algunas de las unidades que se usan para medir cantidades de la magnitud respectiva en situaciones aditivas y multiplicativas.;;4;5;4-5;4;admin
483;8;Describo y argumento relaciones entre el perímetro y el área de fi guras diferentes, cuando se fija una de estas medidas.;;4;5;4-5;4;admin
484;10;Represento datos usando tablas y gráficas (pictogramas, gráficas de barras, diagramas de líneas, diagramas circulares).;;4;5;4-5;4;admin
485;10;Comparo diferentes representaciones del mismo conjunto de datos.;;4;5;4-5;4;admin
486;10;Interpreto información presentada en tablas y gráficas (pictogramas, gráficas de barras, diagramas de líneas, diagramas circulares).;;4;5;4-5;4;admin
487;10;Conjeturo y pongo a prueba predicciones acerca de la posibilidad de ocurrencia de eventos.;;4;5;4-5;4;admin
488;10;Describo la manera como parecen distribuirse los distintos datos de un conjunto de ellos y la comparo con la manera como se distribuyen en otros conjuntos de datos.;;4;5;4-5;4;admin
489;10;Uso e interpreto la media (o promedio) y la mediana y comparo lo que indican.;;4;5;4-5;4;admin
490;10;Resuelvo y formulo problemas a partir de un conjunto de datos provenientes de observaciones, consultas o experimentos.;;4;5;4-5;4;admin
491;9;Describo e interpreto variaciones representadas en gráficos.  ;;4;5;4-5;4;admin
492;9;Predigo patrones de variación en una secuencia numérica, geométrica o gráfica.;;4;5;4-5;4;admin
493;9;Represento y relaciono patrones numéricos con tablas y reglas verbales.;;4;5;4-5;4;admin
494;9;Analizo y explico relaciones de dependencia entre cantidades que varían en el tiempo con cierta regularidad en situaciones económicas, sociales y de las ciencias naturales.;;4;5;4-5;4;admin
495;9;Construyo igualdades y desigualdades numéricas como representación de relaciones entre distintos datos.;;4;5;4-5;4;admin
496;6;Resuelvo y formulo problemas en contextos de medidas relativas y de variaciones en las medidas.;;6;7;6-7;6;admin
497;6;Utilizo números racionales, en sus distintas expresiones (fracciones, razones, decimales o porcentajes) para resolver problemas en contextos de medida.;;6;7;6-7;6;admin
498;6;Justifico la extensión de la representación polinomial decimal usual de los números naturales a la representación decimal usual de los números racionales, utilizando las propiedades del sistema de numeración decimal.;;6;7;6-7;6;admin
499;6;Reconozco y generalizo propiedades de las relaciones entre números racionales (simétrica, transitiva, etc.) y de las operaciones entre ellos (conmutativa, asociativa, etc.) en diferentes contextos.;;6;7;6-7;6;admin
500;6;Resuelvo y formulo problemas utilizando propiedades básicas de la teoría de números, como las de la igualdad, las de las distintas formas de la desigualdad y las de la adición, sustracción, multiplicación, división y potenciación.;;6;7;6-7;6;admin
501;6;Justifico procedimientos aritméticos utilizando las relaciones y propiedades de las operaciones.;;6;7;6-7;6;admin
502;6;Formulo y resuelvo problemas en situaciones aditivas y multiplicativas, en diferentes contextos y dominios numéricos.;;6;7;6-7;6;admin
503;6;Resuelvo y formulo problemas cuya solución requiere de la potenciación o radicación.;;6;7;6-7;6;admin
504;6;Justifico el uso de representaciones y procedimientos en situaciones de proporcionalidad directa e inversa.;;6;7;6-7;6;admin
505;6;Justifico la pertinencia de un cálculo exacto o aproximado en la solución de un problema y lo razonable o no de las respuestas obtenidas.;;6;7;6-7;6;admin
506;6;Establezco conjeturas sobre propiedades y relaciones de los números, utilizando calculadoras o computadores.;;6;7;6-7;6;admin
507;6;Justifico la elección de métodos e instrumentos de cálculo en la resolución de problemas.;;6;7;6-7;6;admin
508;6;Reconozco argumentos combinatorios como herramienta para interpretación de situaciones diversas de conteo.;;6;7;6-7;6;admin
509;7;Represento objetos tridimensionales desde diferentes posiciones y vistas.;;6;7;6-7;6;admin
510;7;Identifico y describo fi guras y cuerpos generados por cortes rectos y transversales de objetos tridimensionales.;;6;7;6-7;6;admin
511;7;Clasifico polígonos en relación con sus propiedades.;;6;7;6-7;6;admin
512;7;Predigo y comparo los resultados de aplicar transformaciones rígidas (traslaciones, rotaciones, reflexiones) y homotecias (ampliaciones y reducciones) sobre fi guras bidimensionales en situaciones matemáticas y en el arte.;;6;7;6-7;6;admin
513;7;Resuelvo y formulo problemas que involucren relaciones y propiedades de semejanza y congruencia usando representaciones visuales.;;6;7;6-7;6;admin
514;7;Resuelvo y formulo problemas usando modelos geométricos.;;6;7;6-7;6;admin
515;7;Identifico características de localización de objetos en sistemas de representación cartesiana y geográfica.;;6;7;6-7;6;admin
516;8;Utilizo técnicas y herramientas para la construcción de fi guras planas y cuerpos con medidas dadas.;;6;7;6-7;6;admin
517;8;Resuelvo y formulo problemas que involucren factores escalares (diseño de maquetas, mapas).;;6;7;6-7;6;admin
518;8;Calculo áreas y volúmenes a través de composición y descomposición de fi guras y cuerpos.;;6;7;6-7;6;admin
519;8;Identifico relaciones entre distintas unidades utilizadas para medir cantidades de la misma magnitud.;;6;7;6-7;6;admin
520;8;Resuelvo y formulo problemas que requieren técnicas de estimación.;;6;7;6-7;6;admin
521;10;Comparo e interpreto datos provenientes de diversas fuentes (prensa, revistas, televisión,  experimentos, consultas, entrevistas).;;6;7;6-7;6;admin
522;10;Reconozco la relación entre un conjunto de datos y su representación.;;6;7;6-7;6;admin
523;10;Interpreto, produzco y comparo representaciones gráficas adecuadas para presentar diversos tipos de datos (diagramas de barras, diagramas circulares).;;6;7;6-7;6;admin
524;10;Uso medidas de tendencia central (media, mediana, moda) para interpretar comportamiento de  un conjunto de datos.;;6;7;6-7;6;admin
525;10;Uso modelos (diagramas de árbol, por ejemplo) para discutir y predecir posibilidad de ocurrencia de un evento.;;6;7;6-7;6;admin
526;10;Conjeturo acerca del resultado de un experimento aleatorio usando proporcionalidad y nociones básicas de probabilidad.;;6;7;6-7;6;admin
527;10;Resuelvo y formulo problemas a partir de un conjunto de datos presentados en tablas, diagramas de barras, diagramas circulares.;;6;7;6-7;6;admin
528;10;Predigo y justifico razonamientos y conclusiones usando información estadística.;;6;7;6-7;6;admin
529;9;Describo y represento situaciones de variación relacionando diferentes representaciones  diagramas, expresiones verbales generalizadas y tablas).;;6;7;6-7;6;admin
530;9;Reconozco el conjunto de valores de cada una de las cantidades variables ligadas entre sí en situaciones concretas de cambio (variación).;;6;7;6-7;6;admin
531;9;Analizo las propiedades de correlación positiva y negativa entre variables, de variación lineal o de proporcionalidad directa y de proporcionalidad inversa en contextos aritméticos y geométricos.;;6;7;6-7;6;admin
532;9;Utilizo métodos informales (ensayo y error, complementación) en la solución de ecuaciones.;;6;7;6-7;6;admin
533;9;Identifico las características de las diversas gráficas cartesianas (de puntos, continuas, formadas por segmentos, etc.) en relación con la situación que representan.;;6;7;6-7;6;admin
534;6;Utilizo números reales en sus diferentes representaciones y en diversos contextos.;;8;9;8-9;8;admin
535;6;Resuelvo problemas y simplifico cálculos usando propiedades y relaciones de los números reales y de las relaciones y operaciones entre ellos.;;8;9;8-9;8;admin
536;6;Utilizo la notación científica para representar medidas de cantidades de diferentes magnitudes.;;8;9;8-9;8;admin
537;6;Identifico y utilizo la potenciación, la radicación y la logaritmación para representar situaciones matemáticas y no matemáticas y para resolver problemas.;;8;9;8-9;8;admin
538;7;Conjeturo y verifico propiedades de congruencias y semejanzas entre fi guras bidimensionales y  entre objetos tridimensionales en la solución de problemas.;;8;9;8-9;8;admin
539;7;Reconozco y contrasto propiedades y relaciones geométricas utilizadas en demostración de teoremas básicos (Pitágoras y Tales).;;8;9;8-9;8;admin
540;7;Aplico y justifico criterios de congruencias y semejanza entre triángulos en la resolución y formulación de problemas.;;8;9;8-9;8;admin
541;7;Uso representaciones geométricas para resolver y formular problemas en las matemáticas y en otras disciplinas.;;8;9;8-9;8;admin
542;8;Generalizo procedimientos de cálculo válidos para encontrar el área de regiones planas y el volumen de sólidos.;;8;9;8-9;8;admin
543;8;Selecciono y uso técnicas e instrumentos para medir longitudes, áreas de superficies, volúmenes y ángulos con niveles de precisión apropiados.;;8;9;8-9;8;admin
544;8;Justifico la pertinencia de utilizar unidades de medida estandarizadas en situaciones tomadas de distintas ciencias.;;8;9;8-9;8;admin
545;10;Reconozco cómo diferentes maneras de presentación de información pueden originar distintas interpretaciones. Interpreto analítica y críticamente información estadística proveniente de diversas fuentes (prensa, revistas, televisión, experimentos, consultas, entrevistas).;;8;9;8-9;8;admin
546;10;Interpreto y utilizo conceptos de media, mediana y moda y explicito sus diferencias en distribuciones de distinta dispersión y asimetría.;;8;9;8-9;8;admin
547;10;Selecciono y uso algunos métodos estadísticos adecuados al tipo de problema, de información y al nivel de la escala en la que esta se representa (nominal, ordinal, de intervalo o de razón).;;8;9;8-9;8;admin
548;10;Comparo resultados de experimentos aleatorios con los resultados previstos por un modelo matemático probabilístico.;;8;9;8-9;8;admin
549;10;Resuelvo y formulo problemas seleccionando información relevante en conjuntos de datos provenientes de fuentes diversas (prensa, revistas, televisión, experimentos, consultas, entrevistas).;;8;9;8-9;8;admin
550;10;Reconozco tendencias que se presentan en conjuntos de variables relacionadas.;;8;9;8-9;8;admin
551;10;Calculo probabilidad de eventos simples usando métodos diversos (listados, diagramas de árbol, técnicas de conteo).;;8;9;8-9;8;admin
552;10;Uso conceptos básicos de probabilidad (espacio muestral, evento, independencia, etc.).;;8;9;8-9;8;admin
553;9;Identifico relaciones entre propiedades de las gráficas y propiedades de las ecuaciones algebraicas.;;8;9;8-9;8;admin
554;9;Construyo expresiones algebraicas equivalentes a una expresión algebraica dada.;;8;9;8-9;8;admin
555;9;Uso procesos inductivos y lenguaje algebraico para formular y poner a prueba conjeturas.;;8;9;8-9;8;admin
556;9;Modelo situaciones de variación con funciones polinómicas.;;8;9;8-9;8;admin
557;9;Identifico diferentes métodos para solucionar sistemas de ecuaciones lineales.;;8;9;8-9;8;admin
558;9;Analizo los procesos infinitos que subyacen en las notaciones decimales.;;8;9;8-9;8;admin
559;9;Identifico y utilizo diferentes maneras de definir y medir la pendiente de una curva que representa en el plano cartesiano situaciones de variación.;;8;9;8-9;8;admin
560;9;Identifico la relación entre los cambios en los parámetros de la representación algebraica de una familia de funciones y los cambios en las gráficas que las representan.;;8;9;8-9;8;admin
561;9;Analizo en representaciones gráficas cartesianas los comportamientos de cambio de funciones específicas pertenecientes a familias de funciones polinómicas, racionales, exponenciales y logarítmicas.;;8;9;8-9;8;admin
562;6;Analizo representaciones decimales de los números reales para diferenciar entre racionales e irracionales.;;10;11;10-11;10;admin
563;6;Reconozco la densidad e incompletitud de los números racionales a través de métodos numéricos, geométricos y algebraicos.;;10;11;10-11;10;admin
564;6;Comparo y contrasto las propiedades de los números (naturales, enteros, racionales y reales) y las de sus relaciones y operaciones para construir, manejar y utilizar apropiadamente los distintos sistemas numéricos.;;10;11;10-11;10;admin
565;6;Utilizo argumentos de la teoría de números para justificar relaciones que involucran números naturales.;;10;11;10-11;10;admin
566;6;Establezco relaciones y diferencias entre diferentes notaciones de números reales para decidir sobre su uso en una situación dada.;;10;11;10-11;10;admin
567;7;Identifico en forma visual, gráfica y algebraica algunas propiedades de las curvas que se observan en los bordes obtenidos por cortes longitudinales, diagonales y transversales en un cilindro y en un cono.;;10;11;10-11;10;admin
568;7;Identifico características de localización de objetos geométricos en sistemas de representación cartesiana y otros (polares, cilíndricos y esféricos) y en particular de las curvas y fi guras cónicas.;;10;11;10-11;10;admin
569;7;Resuelvo problemas en los que se usen las propiedades geométricas de figuras cónicas por medio de transformaciones de las representaciones algebraicas de esas figuras.;;10;11;10-11;10;admin
570;7;Uso argumentos geométricos para resolver y formular problemas en contextos matemáticos y en otras ciencias.;;10;11;10-11;10;admin
571;7;Describo y modelo fenómenos periódicos del mundo real usando relaciones y funciones trigonométricas.;;10;11;10-11;10;admin
572;7;Reconozco y describo curvas y o lugares geométricos.;;10;11;10-11;10;admin
573;8;Diseño estrategias para abordar situaciones de medición que requieran grados de precisión  específicos.;;10;11;10-11;10;admin
574;8;Resuelvo y formulo problemas que involucren magnitudes cuyos valores medios se suelen definir indirectamente como razones entre valores de otras magnitudes, como la velocidad media, la aceleración media y la densidad media.;;10;11;10-11;10;admin
575;8;Justifico resultados obtenidos mediante procesos de aproximación sucesiva, rangos de variación y límites en situaciones de medición.;;10;11;10-11;10;admin
576;10;Interpreto y comparo resultados de estudios con información estadística provenientes de medios de comunicación.;;10;11;10-11;10;admin
577;10;Justifico o refuto inferencias basadas en razonamientos estadísticos a partir de resultados de estudios publicados en los medios o diseñados en el ámbito escolar.;;10;11;10-11;10;admin
578;10;Diseño experimentos aleatorios (de las ciencias físicas, naturales o sociales) para estudiar un problema o pregunta.;;10;11;10-11;10;admin
579;10;Describo tendencias que se observan en conjuntos de variables relacionadas.;;10;11;10-11;10;admin
580;10;Interpreto nociones básicas relacionadas con el manejo de información como población, muestra, variable aleatoria, distribución de frecuencias, parámetros y estadígrafos).;;10;11;10-11;10;admin
581;10;Uso comprensivamente algunas medidas de centralización, localización, dispersión y correlación (percentiles, cuartiles, centralidad, distancia, rango, varianza, covarianza y normalidad).;;10;11;10-11;10;admin
582;10;Interpreto conceptos de probabilidad condicional e independencia de eventos.;;10;11;10-11;10;admin
583;10;Resuelvo y planteo problemas usando conceptos básicos de conteo y probabilidad (combinaciones, permutaciones, espacio muestral, muestreo aleatorio, muestreo con remplazo).;;10;11;10-11;10;admin
584;10;Propongo inferencias a partir del estudio de muestras probabilísticas.;;10;11;10-11;10;admin
585;9;Utilizo las técnicas de aproximación en procesos infinitos numéricos.;;10;11;10-11;10;admin
586;9;Interpreto la noción de derivada como razón de cambio y como valor de la pendiente de la tangente a una curva y desarrollo métodos para hallar las derivadas de algunas funciones básicas en contextos matemáticos y no matemáticos.;;10;11;10-11;10;admin
587;9;Analizo las relaciones y propiedades entre las expresiones algebraicas y las gráficas de funciones polinómicas y racionales y de sus derivadas.;;10;11;10-11;10;admin
588;9;Modelo situaciones de variación periódica con funciones trigonométricas e interpreto y utilizo sus derivadas.;;10;11;10-11;10;admin
589;21;Identifico algunas características físicas, sociales, culturales y emocionales que hacen de mí un ser único.;;1;3;1-3;1;admin
590;21;Identifico y describo algunas características socioculturales de comunidades a las que pertenezco y de otras diferentes a las mías.;;1;3;1-3;1;admin
591;21;Identifico y describo cambios y aspectos que se mantienen en mí y en las organizaciones de mi entorno.;;1;3;1-3;1;admin
592;21;Reconozco en mi entorno cercano las huellas que dejaron las comunidades que lo ocuparon en el pasado (monumentos, museos, sitios de conservación histórica…).;;1;3;1-3;1;admin
593;21;Identifico y describo algunos elementos que permiten reconocerme como miembro de un grupo regional y de una nación (territorio, lenguas, costumbres, símbolos patrios…).;;1;3;1-3;1;admin
594;21;Reconozco características básicas de la diversidad étnica y cultural en Colombia.;;1;3;1-3;1;admin
595;21;Identifico los aportes culturales que mi comunidad y otras diferentes a la mía han hecho a lo que somos hoy.;;1;3;1-3;1;admin
596;21;Reconozco conflictos que se generan cuando no se respetan mis rasgos particulares o los de otras personas.;;1;3;1-3;1;admin
597;22;Me ubico en el entorno físico y de representación (en mapas y planos) utilizando referentes espaciales como arriba, abajo, dentro, fuera, derecha, izquierda.;;1;3;1-3;1;admin
598;22;Establezco relaciones entre los espacios físicos que ocupo (salón de clase, colegio, municipio…) y sus representaciones (mapas, planos, maquetas...).;;1;3;1-3;1;admin
599;22;Reconozco diversas formas de representación de la Tierra.;;1;3;1-3;1;admin
600;22;Reconozco y describo las características físicas de las principales formas del paisaje.;;1;3;1-3;1;admin
601;22;Identifico y describo las características de un paisaje natural y de un paisaje cultural.;;1;3;1-3;1;admin
602;22;Establezco relaciones entre los accidentes geográficos y su representación gráfica.;;1;3;1-3;1;admin
603;22;Establezco relaciones entre paisajes naturales y paisajes culturales.;;1;3;1-3;1;admin
604;22;Identifico formas de medir el tiempo (horas, días, años...) y las relaciono con las actividades de las personas.;;1;3;1-3;1;admin
605;22;Comparo actividades económicas que se llevan a cabo en diferentes entornos.;;1;3;1-3;1;admin
606;22;Establezco relaciones entre el clima y las actividades económicas de las personas.;;1;3;1-3;1;admin
607;22;Reconozco, describo y comparo las actividades económicas de algunas personas en mi entorno y el efecto de su trabajo en la comunidad.;;1;3;1-3;1;admin
608;22;Identifico los principales recursos naturales (renovables y no renovables).;;1;3;1-3;1;admin
609;22;Reconozco factores de tipo económico que generan bienestar o conflicto en la vida social.;;1;3;1-3;1;admin
610;22;Reconozco que los recursos naturales son finitos y exigen un uso responsable.;;1;3;1-3;1;admin
611;23;Identifico y describo características y funciones básicas de organizaciones sociales y políticas de mi entorno (familia, colegio, barrio, vereda, corregimiento, resguardo, territorios afrocolombianos, municipio…).;;1;3;1-3;1;admin
612;23;Identifico situaciones cotidianas que indican cumplimiento o incumplimiento en las funciones de algunas organizaciones sociales y políticas de mi entorno.;;1;3;1-3;1;admin
613;23;Comparo las formas de organización propias de los grupos pequeños (familia, salón de clase, colegio…) con las de los grupos más grandes (resguardo, territorios afrocolombianos, municipio…).;;1;3;1-3;1;admin
614;23;Identifico factores que generan cooperación y conflicto en las organizaciones sociales y políticas de mi entorno y explico por qué lo hacen.;;1;3;1-3;1;admin
615;23;Identifico mis derechos y deberes y los de otras personas en las comunidades a las que  pertenezco.;;1;3;1-3;1;admin
616;23;Identifico normas que rigen algunas comunidades a las que pertenezco y explico su utilidad. Reconozco algunas normas que han sido construidas socialmente y distingo aquellas en cuya construcción y modificación puedo participar (normas del hogar, manual de convivencia escolar, Código de Tránsito…).;;1;3;1-3;1;admin
617;24;Reconozco y respeto diferentes puntos de vista. Comparo mis aportes con los de mis compañeros compañeras e incorporo en mis conocimientos y juicios elementos valiosos aportados por otros. Respeto mis rasgos individuales y los de otras personas (género, etnia, religión…).;;1;3;1-3;1;admin
618;24;Reconozco situaciones de discriminación y abuso por irrespeto a los rasgos individuales de las personas (religión, etnia, género, discapacidad…) y propongo formas de cambiarlas.;;1;3;1-3;1;admin
619;24;Reconozco la diversidad étnica y cultural de mi comunidad, mi ciudad…;;1;3;1-3;1;admin
620;24;Participo en actividades que expresan valores culturales de mi comunidad y de otras diferentes a la mía.;;1;3;1-3;1;admin
621;24;Participo en la construcción de normas para la convivencia en los grupos sociales y políticos a los que pertenezco (familia, colegio, barrio...).;;1;3;1-3;1;admin
622;24;Cuido mi cuerpo y mis relaciones con los demás.;;1;3;1-3;1;admin
623;24;Cuido el entorno que me rodea y manejo responsablemente las basuras.;;1;3;1-3;1;admin
624;24;Uso responsablemente los recursos (papel, agua, alimentos…).;;1;3;1-3;1;admin
625;24;Valoro aspectos de las organizaciones sociales y políticas de mi entorno que promueven el desarrollo individual y comunitario.;;1;3;1-3;1;admin
626;22;Me ubico en el entorno físico utilizando referentes espaciales (izquierda, derecha, puntos cardinales).;;4;5;4-5;4;admin
627;22;Utilizo coordenadas, escalas y convenciones para ubicar los fenómenos históricos y culturales en mapas y planos de representación. Identifico y describo características de las diferentes regiones naturales del mundo (desiertos, polos, selva húmeda tropical, océanos…).;;4;5;4-5;4;admin
628;22;Identifico y describo algunas de las características humanas (sociales, culturales…) de las diferentes regiones naturales del mundo.;;4;5;4-5;4;admin
629;22;Clasifico y describo diferentes actividades económicas (producción, distribución, consumo…) en diferentes sectores económicos (agrícola, ganadero, minero, industrial...) y reconozco su impacto en las comunidades.;;4;5;4-5;4;admin
630;22;Reconozco los diferentes usos que se le dan a la tierra y a los recursos naturales en mi entorno y en otros (parques naturales, ecoturismo, ganadería, agricultura…).;;4;5;4-5;4;admin
631;22;"Identifico organizaciones que resuelven las necesidades básicas (salud, educación, vivienda, servicios públicos, vías de comunicación…) en mi comunidad, en otras y en diferentes épocas y culturas; identifico su impacto sobre el desarrollo.";;4;5;4-5;4;admin
632;21;Identifico y explico fenómenos sociales y económicos que permitieron el paso del nomadismo al  sedentarismo (agricultura, división del trabajo...).;;4;5;4-5;4;admin
633;21;Identifico y describo características sociales, políticas, económicas y culturales de las primeras organizaciones humanas (banda, clan, tribu...).;;4;5;4-5;4;admin
634;21;Comparo características de las primeras organizaciones humanas con las de las organizaciones de mi entorno.;;4;5;4-5;4;admin
635;21;Identifico algunas condiciones políticas, sociales, económicas y tecnológicas que permitieron las exploraciones de la antigüedad y el medioevo.;;4;5;4-5;4;admin
636;21;Establezco algunas relaciones entre exploraciones de la antigüedad y el medioevo y exploraciones de la actualidad.;;4;5;4-5;4;admin
637;21;Identifico, describo y comparo algunas características sociales, políticas, económicas y culturales de las comunidades prehispánicas de Colombia y América.;;4;5;4-5;4;admin
638;21;Relaciono estas características con las condiciones del entorno particular de cada cultura.;;4;5;4-5;4;admin
639;21;Comparo características de los grupos prehispánicos con las características sociales, políticas, económicas y culturales actuales.;;4;5;4-5;4;admin
640;21;Identifico los propósitos de las organizaciones coloniales españolas y describo aspectos básicos de su funcionamiento.;;4;5;4-5;4;admin
641;21;Identifico y comparo algunas causas que dieron lugar a los diferentes períodos históricos en Colombia (Descubrimiento, Colonia, Independencia...).;;4;5;4-5;4;admin
642;23;Identifico y describo algunas características de las organizaciones político-administrativas colombianas en diferentes épocas (Real Audiencia, Congreso, Concejo Municipal…).;;4;5;4-5;4;admin
643;23;Comparo  características del sistema político-administrativo de Colombia: ramas del poder público en las diferentes épocas.;;4;5;4-5;4;admin
644;23;Explico semejanzas y diferencias entre organizaciones político-administrativas.;;4;5;4-5;4;admin
645;23;Explico el impacto de algunos hechos históricos en la formación limítrofe del territorio colombiano (Virreinato de la Nueva Granada, Gran Colombia, separación de Panamá…).;;4;5;4-5;4;admin
646;23;Reconozco las responsabilidades que tienen las personas elegidas por voto popular y algunas  características de sus cargos (personeros estudiantiles, concejales, congresistas, presidente…).;;4;5;4-5;4;admin
647;23;Conozco los Derechos de los Niños e identifico algunas instituciones locales, nacionales e internacionales que velan por su cumplimiento (personería estudiantil, comisaría de familia, Unicef…).;;4;5;4-5;4;admin
648;24;Reconozco y respeto diferentes puntos de vista acerca de un fenómeno social.;;4;5;4-5;4;admin
649;24;Participo en debates y discusiones: asumo una posición, la confronto con la de otros, la defiendo y  soy capaz de modificar mis posturas si lo considero pertinente.;;4;5;4-5;4;admin
650;24;Respeto mis rasgos individuales y culturales y los de otras personas (género, etnia…).;;4;5;4-5;4;admin
651;24;Asumo una posición crítica frente a situaciones de discriminación y abuso por irrespeto a los rasgos individuales de las personas (etnia, género…) y propongo formas de cambiarlas.;;4;5;4-5;4;admin
652;24;Reconozco la importancia de los aportes de algunos legados culturales, científicos, tecnológicos, artísticos, religiosos… en diversas épocas y entornos.;;4;5;4-5;4;admin
653;24;Participo en la construcción de normas para la convivencia en los grupos a los que pertenezco (familia, colegio, barrio...).;;4;5;4-5;4;admin
654;24;Cuido mi cuerpo y mis relaciones con las demás personas.;;4;5;4-5;4;admin
655;24;Cuido el entorno que me rodea y manejo responsablemente las basuras.;;4;5;4-5;4;admin
656;24;Uso responsablemente los recursos (papel, agua, alimento, energía…).;;4;5;4-5;4;admin
657;24;Defiendo mis derechos y los de otras personas y contribuyo a denunciar ante las autoridades competentes (profesor, padres, comisaría de familia…) casos en los que son vulnerados.;;4;5;4-5;4;admin
658;21;Describo características de la organización social, política o económica en algunas culturas y épocas (la democracia en los griegos, los sistemas de producción de la civilización inca, el feudalismo en el medioevo, el surgimiento del Estado en el Renacimiento...).;;6;7;6-7;6;admin
659;21;Establezco relaciones entre estas culturas y sus épocas.;;6;7;6-7;6;admin
660;21;Comparo diferentes culturas con la sociedad colombiana actual y propongo explicaciones para las semejanzas y diferencias que encuentro.;;6;7;6-7;6;admin
661;21;Comparo legados culturales (científicos tecnológicos, artísticos, religiosos…) de diferentes grupos culturales y reconozco su impacto en la actualidad.;;6;7;6-7;6;admin
662;21;Reconozco que la división entre un período histórico y otro es un intento por caracterizar los hechos históricos a partir de marcadas transformaciones sociales.;;6;7;6-7;6;admin
663;21;Identifico algunas características sociales, políticas y económicas de diferentes períodos históricos a partir de manifestaciones artísticas de cada época.;;6;7;6-7;6;admin
664;21;Identifico algunas situaciones que han generado conflictos en las organizaciones sociales (el uso de la mano de obra en el imperio egipcio, la expansión de los imperios, la tenencia de la tierra en el medioevo…).;;6;7;6-7;6;admin
665;21;Identifico y comparo las características de la organización social en las colonias españolas, portuguesas e inglesas en América.;;6;7;6-7;6;admin
666;21;Identifico y comparo el legado de cada una de las culturas involucradas en el encuentro Europa, América, África.;;6;7;6-7;6;admin
667;22;Reconozco características de la Tierra que la hacen un planeta vivo.;;6;7;6-7;6;admin
668;22;Utilizo coordenadas, convenciones y escalas para trabajar con mapas y planos de representación.;;6;7;6-7;6;admin
669;22;Reconozco y utilizo los husos horarios.;;6;7;6-7;6;admin
670;22;Localizo diversas culturas en el espacio geográfico y reconozco las principales características físicas de su entorno.;;6;7;6-7;6;admin
671;22;Establezco relaciones entre la ubicación geoespacial y las características climáticas del entorno de diferentes culturas.;;6;7;6-7;6;admin
672;22;Identifico sistemas de producción en diferentes culturas y períodos históricos y establezco relaciones entre ellos.;;6;7;6-7;6;admin
673;22;Comparo las organizaciones económicas de diferentes culturas con las de la actualidad en Colombia y propongo explicaciones para las semejanzas y diferencias que encuentro.;;6;7;6-7;6;admin
674;22;Describo las características que permiten dividir a Colombia en regiones naturales.;;6;7;6-7;6;admin
675;22;Identifico factores económicos, sociales, políticos y geográficos que han generado procesos de movilidad poblacional en las diferentes culturas y períodos históricos.;;6;7;6-7;6;admin
676;22;Comparo características de la organización económica (tenencia de la tierra, uso de la mano de obra, tipos de explotación) de las colonias españolas, portuguesas e inglesas en América.;;6;7;6-7;6;admin
677;22;Explico el impacto de las culturas involucradas en el encuentro Europa, América, África sobre los sistemas de producción tradicionales (tenencia de la tierra, uso de la mano de obra, tipos de explotación).;;6;7;6-7;6;admin
678;23;Identifico normas en algunas de las culturas y épocas estudiadas y las comparo con algunas  normas vigentes en Colombia.;;6;7;6-7;6;admin
679;23;Identifico las ideas que legitimaban el sistema político y el sistema jurídico en algunas de las culturas estudiadas.;;6;7;6-7;6;admin
680;23;Reconozco y describo diferentes formas que ha asumido la democracia a través de la historia.;;6;7;6-7;6;admin
681;23;Comparo entre sí algunos sistemas políticos estudiados y a su vez con el sistema político colombiano.;;6;7;6-7;6;admin
682;23;Identifico variaciones en el significado del concepto de ciudadanía en diversas culturas a través del tiempo.;;6;7;6-7;6;admin
683;23;Identifico criterios que permiten establecer la división política de un territorio.;;6;7;6-7;6;admin
684;23;Comparo y explico cambios en la división política de Colombia y América en diferentes épocas.;;6;7;6-7;6;admin
685;23;Identifico y comparo las características de la organización política en las colonias españolas, portuguesas e inglesas en América.;;6;7;6-7;6;admin
686;24;Reconozco y respeto las diferentes posturas frente a los fenómenos sociales.;;6;7;6-7;6;admin
687;24;Participo en debates y discusiones: asumo una posición, la confronto, la defiendo y soy capaz de  modificar mis posturas cuando reconozco mayor peso en los argumentos de otras personas. Asumo una posición crítica frente a situaciones de discriminación (etnia, género...) y propongo formas de cambiarlas. Participo en la construcción de normas para la convivencia en los grupos a los que pertenezco (familia, colegio, organización juvenil, equipos deportivos...).;;6;7;6-7;6;admin
688;24;Comparto y acato las normas que ayudan a regular la convivencia en los grupos sociales a los que   pertenezco.;;6;7;6-7;6;admin
689;24;Participo activamente en la conformación del gobierno escolar.;;6;7;6-7;6;admin
690;24;Tomo decisiones responsables frente al cuidado de mi cuerpo y de mis relaciones con los demás (drogas, relaciones sexuales...).;;6;7;6-7;6;admin
691;24;Apoyo a mis amigos y amigas en la toma responsable de decisiones sobre el cuidado de su cuerpo.;;6;7;6-7;6;admin
692;24;Asumo una posición crítica frente al deterioro del medio ambiente y participo en su protección.;;6;7;6-7;6;admin
693;24;Identifico diferencias en las concepciones que legitiman las actuaciones en la historia y asumo posiciones críticas frente a ellas (esclavitud, Inquisición...).;;6;7;6-7;6;admin
694;21;Explico las principales características de algunas revoluciones de los siglos XVIII y XIX (Revolución Francesa, Revolución Industrial...). ;;8;9;8-9;8;admin
695;21;Explico la influencia de estas revoluciones en algunos procesos sociales, políticos y económicos posteriores en Colombia y América Latina. ;;8;9;8-9;8;admin
696;21;Analizo algunas de las condiciones sociales, económicas, políticas y culturales que dieron origen a los procesos de independencia de los pueblos americanos.;;8;9;8-9;8;admin
697;21;Explico algunos de los grandes cambios sociales que se dieron en Colombia entre los siglos XIX y primera mitad del XX (abolición de la esclavitud, surgimiento de movimientos obreros...).;;8;9;8-9;8;admin
698;21;Comparo estos procesos teniendo en cuenta sus orígenes y su impacto en situaciones políticas, económicas, sociales y culturales posteriores.;;8;9;8-9;8;admin
699;21;Identifico algunas corrientes de pensamiento económico, político, cultural y filosófico del siglo XIX y explico su influencia en el pensamiento colombiano y el de América Latina.;;8;9;8-9;8;admin
700;21;Reconozco, en el pasado y en la actualidad, el aporte de algunas tradiciones artísticas y saberes científicos de diferentes grupos étnicos colombianos a nuestra identidad. ;;8;9;8-9;8;admin
701;21;Describo el impacto del proceso de modernización (desarrollo de los medios de comunicación, industrialización, urbanización...) en la organización social, política, económica y cultural de Colombia en el siglo XIX y en la primera mitad del XX.;;8;9;8-9;8;admin
702;22;Describo las principales características físicas de los diversos ecosistemas.;;8;9;8-9;8;admin
703;22;Explico la manera como el medio ambiente influye en el tipo de organización social y económica que se da en las regiones de Colombia.;;8;9;8-9;8;admin
704;22;Comparo las maneras como distintas comunidades, etnias y culturas se han relacionado económicamente con el medio ambiente en Colombia a lo largo de la historia (pesca de subienda, cultivo en terrazas...).;;8;9;8-9;8;admin
705;22;Comparo las causas de algunas olas de migración y  desplazamiento humano en nuestro territorio  a lo largo del siglo XIX y la primera mitad del siglo XX (colonización antioqueña, urbanización del país...).;;8;9;8-9;8;admin
706;22;Explico el impacto de las migraciones y desplazamientos humanos en la vida política, económica, social y cultural de nuestro país en el siglo XIX y la primera mitad del siglo XX y lo comparo con los de la actualidad.;;8;9;8-9;8;admin
707;22;Identifico algunos de los procesos que condujeron a la modernización en Colombia en el siglo XIX y primera mitad del siglo XX (bonanzas agrícolas, procesos de industrialización, urbanización...).;;8;9;8-9;8;admin
708;22;Explico las políticas que orientaron la economía colombiana a lo largo del siglo XIX y primera mitad del XX (proteccionismo, liberalismo económico...).;;8;9;8-9;8;admin
709;23;Comparo los mecanismos de participación ciudadana contemplados en las constituciones políticas  de 1886 y 1991 y evalúo su aplicabilidad.;;8;9;8-9;8;admin
710;23;Identifico algunas formas en las que organizaciones estudiantiles, movimientos sociales, partidos políticos, sindicatos... participaron en la actividad política colombiana a lo largo del siglo XIX y la primera mitad del siglo XX.;;8;9;8-9;8;admin
711;23;Identifico y explico algunos de los principales procesos políticos del siglo XIX en Colombia (federalismo, centralismo, radicalismo liberal, Regeneración...).;;8;9;8-9;8;admin
712;23;"Comparo algunos de los procesos políticos que tuvieron lugar en Colombia en los siglos XIX y XX (por ejemplo, radicalismo liberal y Revolución en Marcha; Regeneración y Frente Nacional; constituciones políticas de 1886 y 1991...).";;8;9;8-9;8;admin
713;23;"Identifico y comparo algunos de los procesos políticos que tuvieron lugar en el mundo en el siglo XIX y primera mitad del siglo XX (procesos coloniales en África y Asia; Revolución Rusa y Revolución China; Primera y Segunda Guerra Mundial...).";;8;9;8-9;8;admin
714;23;Relaciono algunos de estos procesos políticos internacionales con los procesos colombianos en el siglo XIX y primera mitad del siglo XX.;;8;9;8-9;8;admin
715;24;Respeto diferentes posturas frente a los fenómenos sociales.;;8;9;8-9;8;admin
716;24;Participo en discusiones y debates académicos.;;8;9;8-9;8;admin
717;24;Asumo una posición crítica frente a situaciones de discriminación y abuso por irrespeto a las posiciones ideológicas y propongo formas de cambiarlas.;;8;9;8-9;8;admin
718;24;Reconozco que los derechos fundamentales de las personas están por encima de su género, su filiación política, religión, etnia…;;8;9;8-9;8;admin
719;24;Reconozco la importancia del patrimonio cultural y contribuyo con su preservación.;;8;9;8-9;8;admin
720;24;Participo en la construcción de normas para la convivencia en los grupos a los que pertenezco (familia, colegio, barrio...) y las acato.;;8;9;8-9;8;admin
721;24;Reconozco en el pago de los impuestos una forma importante de solidaridad ciudadana.;;8;9;8-9;8;admin
722;24;Utilizo mecanismos de participación establecidos en la Constitución y en organizaciones a las que pertenezco.;;8;9;8-9;8;admin
723;24;Tomo decisiones responsables frente al cuidado de mi cuerpo y mis relaciones con los demás. Apoyo a mis amigos y amigas en la toma responsable de decisiones sobre el cuidado de su cuerpo.;;8;9;8-9;8;admin
724;24;Asumo una posición crítica frente al deterioro del medio ambiente y participo en su conservación.;;8;9;8-9;8;admin
725;21;Explico el origen del régimen bipartidista en Colombia.;;10;11;10-11;10;admin
726;21;Analizo el periodo conocido como “la Violencia” y establezco relaciones con las formas actuales de violencia.;;10;11;10-11;10;admin
727;21;Identifico las causas, características y consecuencias del Frente Nacional.;;10;11;10-11;10;admin
728;21;Explico el surgimiento de la guerrilla, el paramilitarismo y el narcotráfico en Colombia.;;10;11;10-11;10;admin
729;21;Analizo desde el punto de vista político, económico, social y cultural algunos de los hechos históricos mundiales sobresalientes del siglo XX (guerras-mundiales, conflicto en el Medio Oriente,  caída del muro de Berlín...).;;10;11;10-11;10;admin
730;21;Identifico y analizo las diferentes formas del orden mundial en el siglo XX (Guerra Fría, globalización, enfrentamiento Oriente-Occidente...).;;10;11;10-11;10;admin
731;21;Analizo y describo algunas dictaduras en América Latina a lo largo del siglo XX.;;10;11;10-11;10;admin
732;21;Analizo y describo algunas revoluciones en América Latina a lo largo del siglo XX.;;10;11;10-11;10;admin
733;21;Reconozco el cambio en la posición de la mujer en el mundo y en Colombia a lo largo del siglo XX y su incidencia en el desarrollo político, económico, social, cultural, familiar y personal.;;10;11;10-11;10;admin
734;21;Identifico y explico las luchas de los grupos étnicos en Colombia y América en busca de su reconocimiento social e igualdad de derechos desde comienzos del siglo XX hasta la actualidad.;;10;11;10-11;10;admin
735;21;Establezco relaciones entre las distintas manifestaciones artísticas y las corrientes ideológicas del siglo XX.;;10;11;10-11;10;admin
736;22;Identifico los principales postulados del liberalismo clásico, el socialismo, el marxismo-leninismo…  y analizo la vigencia actual de algunos de ellos.;;10;11;10-11;10;admin
737;22;Establezco algunas relaciones entre los diferentes modelos de desarrollo económico utilizados en Colombia y América Latina y las ideologías que los sustentan.;;10;11;10-11;10;admin
738;22;Analizo el impacto de estos modelos en la región.;;10;11;10-11;10;admin
739;22;Explico y evalúo el impacto del desarrollo industrial y tecnológico sobre el medio ambiente y el ser humano.;;10;11;10-11;10;admin
740;22;Analizo críticamente los factores que ponen en riesgo el derecho del ser humano a una alimentación sana y suficiente (uso de la tierra, desertización, transgénicos...).;;10;11;10-11;10;admin
741;22;Identifico algunos factores que han dado origen a las nuevas formas de organización de la economía mundial (bloques económicos, tratados de libre comercio, áreas de libre comercio...).;;10;11;10-11;10;admin
742;22;Analizo consecuencias de estas nuevas formas de organización sobre las relaciones económicas, políticas y sociales entre los Estados.;;10;11;10-11;10;admin
743;22;Reconozco el impacto de la globalización sobre las distintas economías y reconozco diferentes reacciones ante este fenómeno.;;10;11;10-11;10;admin
744;22;Identifico y analizo las consecuencias sociales, económicas, políticas y culturales de los procesos  de concentración de la población en los centros urbanos y abandono del campo.;;10;11;10-11;10;admin
745;23;Describo el impacto de hechos políticos de mediados del siglo XX (9 de abril, Frente Nacional…) en  las organizaciones sociales, políticas y económicas del país.;;10;11;10-11;10;admin
746;23;Analizo el paso de un sistema democrático representativo a un sistema democrático participativo en Colombia.;;10;11;10-11;10;admin
747;23;Identifico y explico algunas consecuencias de la crisis del bipartidismo.;;10;11;10-11;10;admin
748;23;Reconozco y explico los cambios y continuidades en los movimientos guerrilleros en Colombia desde su surgimiento hasta la actualidad.;;10;11;10-11;10;admin
749;23;Identifico causas y consecuencias de los procesos de desplazamiento forzado de poblaciones y reconozco los derechos que protegen a estas personas.;;10;11;10-11;10;admin
750;23;Identifico las organizaciones internacionales que surgieron a lo largo del siglo XX (ONU, OEA…) y evalúo el impacto de su gestión en el ámbito nacional e internacional.;;10;11;10-11;10;admin
751;23;Analizo las tensiones que los hechos históricos mundiales del siglo XX han generado en las relaciones internacionales (Guerra Fría, globalización, bloques económicos...).;;10;11;10-11;10;admin
752;23;Comparo diferentes dictaduras y revoluciones en América Latina y su impacto en la construcción de la democracia.;;10;11;10-11;10;admin
753;23;Identifico las funciones que cumplen las oficinas de vigilancia y control del Estado.;;10;11;10-11;10;admin
754;23;Identifico mecanismos e instituciones constitucionales que protegen los derechos fundamentales de los ciudadanos y las ciudadanas.;;10;11;10-11;10;admin
755;24;Respeto diferentes posturas frente a los fenómenos sociales.;;10;11;10-11;10;admin
756;24;Participo en debates y discusiones académicas.;;10;11;10-11;10;admin
757;24;Propongo la realización de eventos académicos (foros, mesas redondas, paneles…).;;10;11;10-11;10;admin
758;24;Asumo una posición crítica frente a situaciones de discriminación ante posiciones ideológicas y propongo mecanismos para cambiar estas situaciones.;;10;11;10-11;10;admin
759;24;Reconozco que los derechos fundamentales de las personas están por encima de su género, su filiación política, etnia, religión…;;10;11;10-11;10;admin
760;24;Analizo críticamente la influencia de los medios de comunicación en la vida de las personas y de las comunidades.;;10;11;10-11;10;admin
761;24;Promuevo campañas para fomentar la cultura del pago de impuestos y ejerzo vigilancia sobre el gasto público en mi comunidad.;;10;11;10-11;10;admin
762;24;Tomo decisiones responsables frente al cuidado de mi cuerpo y de mis relaciones con otras personas.;;10;11;10-11;10;admin
763;24;Apoyo a mis amigos y amigas en la toma responsable de decisiones sobre el cuidado de su cuerpo.;;10;11;10-11;10;admin
764;24;Asumo una posición crítica frente a las acciones violentas de los distintos grupos armados en el país y en el mundo.;;10;11;10-11;10;admin
765;24;Asumo una posición crítica frente a los procesos de paz que se han llevado a cabo en Colombia,  teniendo en cuenta las posturas de las partes involucradas.;;10;11;10-11;10;admin
766;56;Hago preguntas acerca de los fenómenos políticos, económicos sociales y culturales estudiados (Prehistoria, pueblos prehispánicos colombianos…).;;1;5;1-5;1;admin
767;56;Planteo conjeturas que respondan provisionalmente a estas preguntas.;;1;5;1-5;1;admin
768;56;Utilizo diferentes tipos de fuentes para obtener la información que necesito (textos escolares, cuentos y relatos, entrevistas a profesores y familiares, dibujos, fotografías y recursos virtuales…).;;1;5;1-5;1;admin
769;56;Organizo la información obtenida utilizando cuadros, gráficas… y la archivo en orden.;;1;5;1-5;1;admin
770;56;Establezco relaciones entre información localizada en diferentes fuentes y propongo respuestas a las preguntas que planteo.;;1;5;1-5;1;admin
771;56;Reconozco que los fenómenos estudiados tienen diversos aspectos que deben ser tenidos en cuenta (cambios a lo largo del tiempo, ubicación geográfica, aspectos económicos…).;;1;5;1-5;1;admin
772;56;Reviso mis conjeturas iniciales.;;1;5;1-5;1;admin
773;56;Utilizo diversas formas de expresión (exposición oral, dibujos, carteleras, textos cortos…) para comunicar los resultados de mi investigación.;;1;5;1-5;1;admin
774;56;Doy crédito a las diferentes fuentes de la información obtenida (cuento a mis compañeros a quién entrevisté, qué libros leí, qué dibujos comparé, cito información de fuentes escritas…).;;1;5;1-5;1;admin
775;56;Formulo preguntas acerca de hechos políticos, económicos sociales y culturales.;;6;9;6-9;6;admin
776;56;Planteo conjeturas que respondan provisionalmente estas preguntas.;;6;9;6-9;6;admin
777;56;Recolecto y registro sistemáticamente información que obtengo de diferentes fuentes (orales, escritas, iconográficas, virtuales…).;;6;9;6-9;6;admin
778;56;Identifico las características básicas de los documentos que utilizo (qué tipo de documento es, quién es el autor, a quién está dirigido, de qué habla...).;;6;9;6-9;6;admin
779;56;Clasifico correctamente las fuentes que utilizo primarias, secundarias, orales, escritas, iconográficas…).;;6;9;6-9;6;admin
780;56;"Tomo notas de las fuentes estudiadas; clasifico, organizo y archivo la información obtenida.";;6;9;6-9;6;admin
781;56;Establezco relaciones entre información localizada en diferentes fuentes y propongo  respuestas a las preguntas que planteo.;;6;9;6-9;6;admin
782;56;Analizo los resultados y saco conclusiones.;;6;9;6-9;6;admin
783;56;Comparo las conclusiones a las que llego después de hacer la investigación con mis conjeturas iniciales.;;6;9;6-9;6;admin
784;56;Reconozco que los fenómenos estudiados pueden observarse desde diversos puntos de vista.;;6;9;6-9;6;admin
785;56;Identifico y tengo en cuenta los diversos aspectos que hacen parte de los fenómenos que estudio (ubicación geográfica, evolución histórica, organización política, económica, social y cultural…).;;6;9;6-9;6;admin
786;56;Reconozco redes complejas de relaciones entre eventos históricos, sus causas, sus consecuencias y su incidencia en la vida de los diferentes agentes involucrados.;;6;9;6-9;6;admin
787;56;Utilizo diversas formas de expresión (escritos, exposiciones orales, carteleras…), para comunicar los resultados de mi investigación.;;6;9;6-9;6;admin
788;56;Cito adecuadamente las diferentes fuentes de la información obtenida.;;6;9;6-9;6;admin
789;56;Realizo investigaciones como lo hacen los científicos sociales: diseño proyectos, desarrollo investigaciones y presento resultados.;;10;11;10-11;10;admin
790;56;Planteo un tema o problema de investigación.;;10;11;10-11;10;admin
791;56;Delimito el tema o problema espacial y temporalmente.;;10;11;10-11;10;admin
792;56;Justifico la importancia de la investigación que propongo.;;10;11;10-11;10;admin
793;56;Defino los objetivos y la hipótesis del trabajo.;;10;11;10-11;10;admin
794;56;Describo la metodología que seguiré en mi investigación, que incluya un plan de búsqueda de diversos tipos de información pertinente a los propósitos de mi investigación.;;10;11;10-11;10;admin
795;56;Diseño un cronograma de trabajo.;;10;11;10-11;10;admin
796;56;Diseño un plan de búsqueda bibliográfica con diferentes términos y combinación de términos para encontrar información pertinente.;;10;11;10-11;10;admin
797;56;Hago una revisión bibliográfica siguiendo mi plan.;;10;11;10-11;10;admin
798;56;Analizo críticamente los documentos (qué tipo de documento es, quién es el autor, a quién está dirigido, de qué habla, por qué se produjo, desde qué posición ideológica está hablando, qué significa para mí…).;;10;11;10-11;10;admin
799;56;Recojo información de otras fuentes pertinentes según mi plan.;;10;11;10-11;10;admin
800;56;Registro información de manera sistemática.;;10;11;10-11;10;admin
801;56;Clasifico, comparo e interpreto la información obtenida en las diversas fuentes.;;10;11;10-11;10;admin
802;56;Utilizo herramientas de las diferentes disciplinas de las ciencias sociales para analizar la información.;;10;11;10-11;10;admin
803;56;Utilizo diversas formas de expresión, para dar a conocer los resultados de mi investigación.;;10;11;10-11;10;admin
804;56;Cito adecuadamente las diferentes fuentes de la información obtenida.;;10;11;10-11;10;admin
805;56;Promuevo debates para discutir los resultados de mi investigación y relacionarlos con otros.;;10;11;10-11;10;admin
806;11;Establezco relaciones entre las funciones de los cinco sentidos.;;1;3;1-3;1;admin
807;11;Describo mi cuerpo y el de mis compañeros y compañeras.;;1;3;1-3;1;admin
808;11;Describo características de seres vivos y objetos inertes, establezco semejanzas y diferencias entre ellos y los clasifico.;;1;3;1-3;1;admin
809;11;Propongo y verifico necesidades de los seres vivos.;;1;3;1-3;1;admin
810;11;Observo y describo cambios en mi desarrollo y en el de otros seres vivos. Describo y verifico ciclos de vida de seres vivos.;;1;3;1-3;1;admin
811;11;Reconozco que los hijos y las hijas se parecen a sus padres y describo algunas características que se heredan.;;1;3;1-3;1;admin
812;11;Identifico y describo la flora, la fauna, el agua y el suelo de mi entorno.;;1;3;1-3;1;admin
813;11;Explico adaptaciones de los seres vivos al ambiente.;;1;3;1-3;1;admin
814;11;"Comparo fósiles y seres vivos; identifico características que se mantienen en el tiempo.";;1;3;1-3;1;admin
815;11;Identifico patrones comunes a los seres vivos.;;1;3;1-3;1;admin
816;12;Describo y clasifico objetos según características que percibo con los cinco sentidos.;;1;3;1-3;1;admin
817;12;Propongo y verifico diversas formas de medir sólidos y líquidos.;;1;3;1-3;1;admin
818;12;Establezco relaciones entre magnitudes y unidades de medida apropiadas.;;1;3;1-3;1;admin
819;12;Identifico diferentes estados físicos de la materia (el agua, por ejemplo) y verifico causas para cambios de estado.;;1;3;1-3;1;admin
820;12;Identifico y comparo fuentes de luz, calor y sonido y su efecto sobre diferentes seres vivos.;;1;3;1-3;1;admin
821;12;Identifico situaciones en las que ocurre transferencia de energía térmica y realizo experiencias para verificar el fenómeno.;;1;3;1-3;1;admin
822;12;Clasifico luces según color, intensidad y fuente.;;1;3;1-3;1;admin
823;12;Clasifico sonidos según tono, volumen y fuente.;;1;3;1-3;1;admin
824;12;Propongo experiencias para comprobar la propagación de la luz y del sonido.;;1;3;1-3;1;admin
825;12;Identifico tipos de movimiento en seres vivos y objetos, y las fuerzas que los producen.;;1;3;1-3;1;admin
826;12;Verifico las fuerzas a distancia generadas por imanes sobre diferentes objetos.;;1;3;1-3;1;admin
827;12;Construyo circuitos eléctricos simples con pilas.;;1;3;1-3;1;admin
828;12;Registro el movimiento del Sol, la Luna y las estrellas en el cielo, en un periodo de tiempo.;;1;3;1-3;1;admin
829;13;Clasifico y comparo objetos según sus usos.;;1;3;1-3;1;admin
830;13;Diferencio objetos naturales de objetos creados por el ser humano.;;1;3;1-3;1;admin
831;13;Identifico objetos que emitan luz o sonido.;;1;3;1-3;1;admin
832;13;Identifico circuitos eléctricos en mi entorno. Analizo la utilidad de algunos aparatos eléctricos a mí alrededor.;;1;3;1-3;1;admin
833;13;Identifico aparatos que utilizamos hoy y que no se utilizaban en épocas pasadas.;;1;3;1-3;1;admin
834;13;Asocio el clima con la forma de vida de diferentes comunidades.;;1;3;1-3;1;admin
835;13;Identifico necesidades de cuidado de mi cuerpo y el de otras personas.;;1;3;1-3;1;admin
836;14;Escucho activamente a mis compañeros y compañeras y reconozco puntos de vista diferentes. Valoro y utilizo el conocimiento de diversas personas de mi entorno.;;1;3;1-3;1;admin
837;14;Cumplo mi función y respeto la de otras personas en el trabajo en grupo.;;1;3;1-3;1;admin
838;14;Reconozco la importancia de animales, plantas, agua y suelo de mi entorno y propongo  estrategias para cuidarlos.;;1;3;1-3;1;admin
839;14;Respeto y cuido los seres vivos y los objetos de mi entorno.;;1;3;1-3;1;admin
840;11;Explico la importancia de la célula como unidad básica de los seres vivos.;;4;5;4-5;4;admin
841;11;Identifico los niveles de organización celular de los seres vivos.;;4;5;4-5;4;admin
842;11;Identifico en mi entorno objetos que cumplen funciones similares a las de mis órganos y sustento la comparación.;;4;5;4-5;4;admin
843;11;Represento los diversos sistemas de órganos del ser humano y explico su función.;;4;5;4-5;4;admin
844;11;Clasifico seres vivos en diversos grupos taxonómicos (plantas, animales, microorganismos…).;;4;5;4-5;4;admin
845;11;Indago acerca del tipo de fuerza (compresión, tensión o torsión) que puede fracturar diferentes tipos de huesos.;;4;5;4-5;4;admin
846;11;Identifico máquinas simples en el cuerpo de seres vivos y explico su función.;;4;5;4-5;4;admin
847;11;Investigo y describo diversos tipos de neuronas, las comparo entre sí y con circuitos eléctricos.;;4;5;4-5;4;admin
848;11;Analizo el ecosistema que me rodea y lo comparo con otros.;;4;5;4-5;4;admin
849;11;Identifico adaptaciones de los seres vivos, teniendo en cuenta las características de los ecosistemas en que viven.;;4;5;4-5;4;admin
850;11;Explico la dinámica de un ecosistema, teniendo en cuenta las necesidades de energía y nutrientes de los seres vivos (cadena alimentaria).;;4;5;4-5;4;admin
851;11;Identifico fenómenos de camuflaje en el entorno y los relaciono con las necesidades de los seres vivos.;;4;5;4-5;4;admin
852;12;Describo y verifico el efecto de la transferencia de energía térmica en los cambios de estado de algunas sustancias.;;4;5;4-5;4;admin
853;12;Verifico la posibilidad de mezclar diversos líquidos, sólidos y gases.;;4;5;4-5;4;admin
854;12;Propongo y verifico diferentes métodos de separación de mezclas.;;4;5;4-5;4;admin
855;12;Establezco relaciones entre objetos que tienen masas iguales y volúmenes diferentes o viceversa y su posibilidad de flotar.;;4;5;4-5;4;admin
856;12;Comparo movimientos y desplazamientos de seres vivos y objetos.;;4;5;4-5;4;admin
857;12;Relaciono el estado de reposo o movimiento de un objeto con las fuerzas aplicadas sobre éste. Describo fuerzas y torques en máquinas simples. Verifico la conducción de electricidad o calor en materiales. Identifico las funciones de los componentes de un circuito eléctrico.;;4;5;4-5;4;admin
858;12;Describo los principales elementos del sistema solar y establezco relaciones de tamaño, movimiento y posición. Comparo el peso y la masa de un objeto en diferentes puntos del sistema solar.;;4;5;4-5;4;admin
859;12;Describo las características físicas de la Tierra y su atmósfera.;;4;5;4-5;4;admin
860;12;Relaciono el movimiento de traslación con los cambios climáticos.;;4;5;4-5;4;admin
861;12;Establezco relaciones entre mareas, corrientes marinas, movimiento de placas tectónicas, formas del paisaje y relieve, y las fuerzas que los generan.;;4;5;4-5;4;admin
862;13;Identifico máquinas simples en objetos cotidianos y describo su utilidad.;;4;5;4-5;4;admin
863;13;Construyo máquinas simples para solucionar problemas cotidianos.;;4;5;4-5;4;admin
864;13;Identifico, en la historia, situaciones en las que en ausencia de motores potentes se utilizaron máquinas simples.;;4;5;4-5;4;admin
865;13;Analizo características ambientales de mi entorno y peligros que lo amenazan.;;4;5;4-5;4;admin
866;13;Establezco relaciones entre el efecto invernadero, la lluvia ácida y el debilitamiento de la capa de ozono con la contaminación atmosférica.;;4;5;4-5;4;admin
867;13;Asocio el clima y otras características del entorno con los materiales de construcción, los aparatos eléctricos más utilizados, los recursos naturales y las costumbres de diferentes comunidades.;;4;5;4-5;4;admin
868;13;Verifico que la cocción de alimentos genera cambios físicos y químicos.;;4;5;4-5;4;admin
869;13;Identifico y describo aparatos que generan energía luminosa, térmica y mecánica.;;4;5;4-5;4;admin
870;13;Identifico y establezco las aplicaciones de los circuitos eléctricos en el desarrollo tecnológico.;;4;5;4-5;4;admin
871;13;Establezco relaciones entre microorganismos y salud.;;4;5;4-5;4;admin
872;13;Reconozco los efectos nocivos del exceso en el consumo de cafeína, tabaco, drogas y licores.;;4;5;4-5;4;admin
873;13;Establezco relaciones entre deporte y salud física y mental.;;4;5;4-5;4;admin
874;14;Escucho activamente a mis compañeros y compañeras, reconozco puntos de vista diferentes y los comparo con los míos.;;4;5;4-5;4;admin
875;14;Reconozco y acepto el escepticismo de mis compañeros y compañeras ante la información que presento.;;4;5;4-5;4;admin
876;14;Valoro y utilizo el conocimiento de diferentes personas de mi entorno.;;4;5;4-5;4;admin
877;14;Cumplo mi función cuando trabajo en grupo, respeto las funciones de otros y contribuyo a lograr productos comunes.;;4;5;4-5;4;admin
878;14;Identifico y acepto diferencias en las formas de vida y de pensar.;;4;5;4-5;4;admin
879;14;Reconozco y respeto mis semejanzas y diferencias con los demás en cuanto a género, aspecto y limitaciones físicas.;;4;5;4-5;4;admin
880;14;Propongo alternativas para cuidar mi entorno y evitar peligros que lo amenazan.;;4;5;4-5;4;admin
881;14;Cuido, respeto y exijo respeto por mi cuerpo y el de las demás personas.;;4;5;4-5;4;admin
882;14;Respeto y cuido los seres vivos y los objetos de mi entorno.;;4;5;4-5;4;admin
883;11;Explico la estructura de la célula y las funciones básicas de sus componentes.;;6;7;6-7;6;admin
884;11;Verifico y explico los procesos de ósmosis y difusión.;;6;7;6-7;6;admin
885;11;Clasifico membranas de los seres vivos de acuerdo con su permeabilidad frente a diversas sustancias.;;6;7;6-7;6;admin
886;11;Clasifico organismos en grupos taxonómicos de acuerdo con las características de sus células.;;6;7;6-7;6;admin
887;11;Comparo sistemas de división celular y argumento su importancia en la generación de nuevos organismos y tejidos.;;6;7;6-7;6;admin
888;11;Explico las funciones de los seres vivos a partir de las relaciones entre diferentes sistemas de órganos.;;6;7;6-7;6;admin
889;11;Comparo mecanismos de obtención de energía en los seres vivos.;;6;7;6-7;6;admin
890;11;Reconozco en diversos grupos taxonómicos la presencia de las mismas moléculas orgánicas.;;6;7;6-7;6;admin
891;11;Explico el origen del universo y de la vida a partir de varias teorías.;;6;7;6-7;6;admin
892;11;Caracterizo ecosistemas y analizo el equilibrio dinámico entre sus poblaciones.;;6;7;6-7;6;admin
893;11;Propongo explicaciones sobre la diversidad biológica teniendo en cuenta el movimiento de placas tectónicas y las características climáticas.;;6;7;6-7;6;admin
894;11;Establezco las adaptaciones de algunos seres vivos en ecosistemas de Colombia.;;6;7;6-7;6;admin
895;11;Formulo hipótesis sobre las causas de extinción de un grupo taxonómico.;;6;7;6-7;6;admin
896;11;Justifico la importancia del agua en el sostenimiento de la vida.;;6;7;6-7;6;admin
897;11;Describo y relaciono los ciclos del agua, de algunos elementos y de la energía en los ecosistemas.;;6;7;6-7;6;admin
898;11;Explico la función del suelo como depósito de nutrientes.;;6;7;6-7;6;admin
899;12;Clasifico y verifico las propiedades de la materia.;;6;7;6-7;6;admin
900;12;Verifico la acción de fuerzas electrostáticas y magnéticas y explico su relación con la carga eléctrica.;;6;7;6-7;6;admin
901;12;Describo el desarrollo de modelos que explican la estructura de la materia.;;6;7;6-7;6;admin
902;12;Clasifico materiales en sustancias puras o mezclas.;;6;7;6-7;6;admin
903;12;Verifico diferentes métodos de separación de mezclas.;;6;7;6-7;6;admin
904;12;Explico cómo un número limitado de elementos hace posible la diversidad de la materia conocida.;;6;7;6-7;6;admin
905;12;Explico el desarrollo de modelos de organización de los elementos químicos.;;6;7;6-7;6;admin
906;12;Explico y utilizo la tabla periódica como herramienta para predecir procesos químicos.;;6;7;6-7;6;admin
907;12;Explico la formación de moléculas y los estados de la materia a partir de fuerzas electrostáticas.;;6;7;6-7;6;admin
908;12;Relaciono energía y movimiento.;;6;7;6-7;6;admin
909;12;Verifico relaciones entre distancia recorrida, velocidad y fuerza involucrada en diversos tipos de movimiento.;;6;7;6-7;6;admin
910;12;Comparo masa, peso y densidad de diferentes materiales mediante experimentos.;;6;7;6-7;6;admin
911;12;Explico el modelo planetario desde las fuerzas gravitacionales.;;6;7;6-7;6;admin
912;12;Describo el proceso de formación y extinción de estrellas.;;6;7;6-7;6;admin
913;12;Relaciono masa, peso y densidad con la aceleración de la gravedad en distintos puntos del sistema solar. Explico las consecuencias del movimiento de las placas tectónicas sobre la corteza de la Tierra.;;6;7;6-7;6;admin
914;13;Analizo el potencial de los recursos naturales de mi entorno para la obtención de energía e indico sus posibles usos.;;6;7;6-7;6;admin
915;13;Identifico recursos renovables y no renovables y los peligros a los que están expuestos debido al desarrollo de los grupos humanos.;;6;7;6-7;6;admin
916;13;Justifico la importancia del recurso hídrico en el surgimiento y desarrollo de comunidades humanas.;;6;7;6-7;6;admin
917;13;Identifico factores de contaminación en mi entorno y sus implicaciones para la salud.;;6;7;6-7;6;admin
918;13;Relaciono la dieta de algunas comunidades humanas con los recursos disponibles y determino si es balanceada.;;6;7;6-7;6;admin
919;13;Analizo las implicaciones y responsabilidades de la sexualidad y la reproducción para el individuo y para su comunidad.;;6;7;6-7;6;admin
920;13;Establezco relaciones entre transmisión de enfermedades y medidas de prevención y control.;;6;7;6-7;6;admin
921;13;Identifico aplicaciones de diversos métodos de separación de mezclas en procesos industriales.;;6;7;6-7;6;admin
922;13;Reconozco los efectos nocivos del exceso en el consumo de cafeína, tabaco, drogas y licores.;;6;7;6-7;6;admin
923;13;Establezco relaciones entre deporte y salud física y mental.;;6;7;6-7;6;admin
924;13;Indago sobre los adelantos científicos y tecnológicos que han hecho posible la exploración del universo.;;6;7;6-7;6;admin
925;13;Indago sobre un avance tecnológico en medicina y explico el uso de las ciencias naturales en su desarrollo.;;6;7;6-7;6;admin
926;13;Indago acerca del uso industrial de microorganismos que habitan en ambientes extremos.;;6;7;6-7;6;admin
927;14;Escucho activamente a mis compañeros y compañeras, reconozco otros puntos de vista, los comparo con los míos y puedo modificar lo que pienso ante argumentos más sólidos.;;6;7;6-7;6;admin
928;14;Reconozco y acepto el escepticismo de mis compañeros y compañeras ante la información que presento.;;6;7;6-7;6;admin
929;14;Reconozco los aportes de conocimientos diferentes al científico.;;6;7;6-7;6;admin
930;14;Reconozco que los modelos de la ciencia cambian con el tiempo y que varios pueden ser válidos simultáneamente.;;6;7;6-7;6;admin
931;14;Cumplo mi función cuando trabajo en grupo y respeto las funciones de las demás personas.;;6;7;6-7;6;admin
932;14;Identifico y acepto diferencias en las formas de vivir, pensar, solucionar problemas o aplicar conocimientos.;;6;7;6-7;6;admin
933;14;Me informo para participar en debates sobre temas de interés general en ciencias.;;6;7;6-7;6;admin
934;14;Diseño y aplico estrategias para el manejo de basuras en mi colegio.;;6;7;6-7;6;admin
935;14;Cuido, respeto y exijo respeto por mi cuerpo y por los cambios corporales que estoy viviendo y que viven las demás personas.;;6;7;6-7;6;admin
936;14;Tomo decisiones sobre alimentación y práctica de ejercicio que favorezcan mi salud.;;6;7;6-7;6;admin
937;14;Respeto y cuido los seres vivos y los objetos de mi entorno.;;6;7;6-7;6;admin
938;11;Reconozco la importancia del modelo de la doble hélice para la explicación del almacenamiento y transmisión del material hereditario.;;8;9;8-9;8;admin
939;11;Establezco relaciones entre los genes, las proteínas y las funciones celulares.;;8;9;8-9;8;admin
940;11;Comparo diferentes sistemas de reproducción.;;8;9;8-9;8;admin
941;11;Justifico la importancia de la reproducción sexual en el mantenimiento de la variabilidad.;;8;9;8-9;8;admin
942;11;Establezco la relación entre el ciclo menstrual y la reproducción humana.;;8;9;8-9;8;admin
943;11;Analizo las consecuencias del control de la natalidad en las poblaciones.;;8;9;8-9;8;admin
944;11;Clasifico organismos en grupos taxonómicos de acuerdo con sus características celulares.;;8;9;8-9;8;admin
945;11;Propongo alternativas de clasificación de algunos organismos de difícil ubicación taxonómica.;;8;9;8-9;8;admin
946;11;Identifico criterios para clasificar individuos dentro de una misma especie.;;8;9;8-9;8;admin
947;11;Comparo sistemas de órganos de diferentes grupos taxonómicos.;;8;9;8-9;8;admin
948;11;Explico la importancia de las hormonas en la regulación de las funciones en el ser humano.;;8;9;8-9;8;admin
949;11;Comparo y explico los sistemas de defensa y ataque de algunos animales y plantas en el aspecto morfológico y fisiológico.;;8;9;8-9;8;admin
950;11;Formulo hipótesis acerca del origen y evolución de un grupo de organismos.;;8;9;8-9;8;admin
951;11;Establezco relaciones entre el clima en las diferentes eras geológicas y las adaptaciones de los seres vivos.;;8;9;8-9;8;admin
952;11;Comparo diferentes teorías sobre el origen de las especies.;;8;9;8-9;8;admin
953;12;Comparo masa, peso, cantidad de sustancia y densidad de diferentes materiales.;;8;9;8-9;8;admin
954;12;Comparo sólidos, líquidos y gases teniendo en cuenta el movimiento de sus moléculas y las fuerzas electroestáticas.;;8;9;8-9;8;admin
955;12;Verifico las diferencias entre cambios químicos y mezclas.;;8;9;8-9;8;admin
956;12;Establezco relaciones cuantitativas entre los componentes de una solución.;;8;9;8-9;8;admin
957;12;Comparo los modelos que sustentan la definición ácido-base.;;8;9;8-9;8;admin
958;12;Establezco relaciones entre las variables de estado en un sistema termodinámico para predecir cambios físicos y químicos y las expreso matemáticamente.;;8;9;8-9;8;admin
959;12;Comparo los modelos que explican el comportamiento de gases ideales y reales.;;8;9;8-9;8;admin
960;12;Establezco relaciones entre energía interna de un sistema termodinámico, trabajo y transferencia de energía térmica, y las expreso matemáticamente.;;8;9;8-9;8;admin
961;12;Relaciono las diversas formas de transferencia de energía térmica con la formación de vientos.;;8;9;8-9;8;admin
962;12;Establezco relaciones entre frecuencia, amplitud, velocidad de propagación y longitud de onda en diversos tipos de ondas mecánicas.;;8;9;8-9;8;admin
963;12;Explico el principio de conservación de la energía en ondas que cambian de medio de propagación.;;8;9;8-9;8;admin
964;12;Reconozco y diferencio modelos para explicar la naturaleza y el comportamiento de la luz.;;8;9;8-9;8;admin
965;13;Identifico la utilidad del ADN como herramienta de análisis genético.;;8;9;8-9;8;admin
966;13;Argumento las ventajas y desventajas de la manipulación genética.;;8;9;8-9;8;admin
967;13;Establezco la importancia de mantener la biodiversidad para estimular el desarrollo del país.;;8;9;8-9;8;admin
968;13;Indago sobre aplicaciones de la microbiología en la industria.;;8;9;8-9;8;admin
969;13;Comparo información química de las etiquetas de productos manufacturados por diferentes casas comerciales.;;8;9;8-9;8;admin
970;13;Identifico productos que pueden tener diferentes niveles de pH y explico algunos de sus usos en actividades cotidianas.;;8;9;8-9;8;admin
971;13;Explico la relación entre ciclos termodinámicos y el funcionamiento de motores.;;8;9;8-9;8;admin
972;13;Explico las aplicaciones de las ondas estacionarias en el desarrollo de instrumentos musicales.;;8;9;8-9;8;admin
973;13;Identifico aplicaciones de los diferentes modelos de la luz.;;8;9;8-9;8;admin
974;13;Describo factores culturales y tecnológicos que inciden en la sexualidad y reproducción humanas.;;8;9;8-9;8;admin
975;13;Identifico y explico medidas de prevención del embarazo y de las enfermedades de transmisión sexual.;;8;9;8-9;8;admin
976;13;Reconozco los efectos nocivos del exceso en el consumo de cafeína, tabaco, drogas y licores.;;8;9;8-9;8;admin
977;13;Establezco relaciones entre el deporte y la salud física y mental.;;8;9;8-9;8;admin
978;13;Indago sobre avances tecnológicos en comunicaciones y explico sus implicaciones para la sociedad.;;8;9;8-9;8;admin
979;13;Describo procesos físicos y químicos de la contaminación atmosférica.;;8;9;8-9;8;admin
980;14;Escucho activamente a mis compañeros y compañeras, reconozco otros puntos de vista, los comparo con los míos y puedo modificar lo que pienso ante argumentos más sólidos.;;8;9;8-9;8;admin
981;14;Reconozco y acepto el escepticismo de mis compañeros y compañeras ante la información que presento.;;8;9;8-9;8;admin
982;14;Reconozco los aportes de conocimientos diferentes al científico.;;8;9;8-9;8;admin
983;14;Reconozco que los modelos de la ciencia cambian con el tiempo y que varios pueden ser válidos simultáneamente.;;8;9;8-9;8;admin
984;14;Cumplo mi función cuando trabajo en grupo y respeto las funciones de las demás personas.;;8;9;8-9;8;admin
985;14;Me informo para participar en debates sobre temas de interés general en ciencias.;;8;9;8-9;8;admin
986;14;Diseño y aplico estrategias para el manejo de basuras en mi colegio.;;8;9;8-9;8;admin
987;14;Cuido, respeto y exijo respeto por mi cuerpo y por los cambios corporales que estoy viviendo y que viven las demás personas.;;8;9;8-9;8;admin
988;14;Tomo decisiones responsables y compartidas sobre mi sexualidad.;;8;9;8-9;8;admin
989;14;Analizo críticamente los papeles tradicionales de género en nuestra cultura con respecto a la sexualidad y la reproducción.;;8;9;8-9;8;admin
990;14;Tomo decisiones sobre alimentación y práctica de ejercicio que favorezcan mi salud.;;8;9;8-9;8;admin
991;14;Respeto y cuido los seres vivos y los objetos de mi entorno.;;8;9;8-9;8;admin
992;16;Explico la relación entre el ADN, el ambiente y la diversidad de los seres vivos.;;10;11;10-11;10;admin
993;16;Establezco relaciones entre mutación, selección natural y herencia.;;10;11;10-11;10;admin
994;16;Comparo casos en especies actuales que ilustren diferentes acciones de la selección natural.;;10;11;10-11;10;admin
995;16;Explico las relaciones entre materia y energía en las cadenas alimentarias.;;10;11;10-11;10;admin
996;16;Argumento la importancia de la fotosíntesis como un proceso de conversión de energía necesaria para organismos aerobios.;;10;11;10-11;10;admin
997;16;Busco ejemplos de principios termodinámicos en algunos ecosistemas.;;10;11;10-11;10;admin
998;16;Identifico y explico ejemplos del modelo de mecánica de fluidos en los seres vivos.;;10;11;10-11;10;admin
999;16;Explico el funcionamiento de neuronas a partir de modelos químicos y eléctricos.;;10;11;10-11;10;admin
1000;16;Relaciono los ciclos del agua y de los elementos con la energía de los ecosistemas.;;10;11;10-11;10;admin
1001;16;Explico diversos tipos de relaciones entre especies en los ecosistemas.;;10;11;10-11;10;admin
1002;16;Establezco relaciones entre individuo, población, comunidad y ecosistema.;;10;11;10-11;10;admin
1003;16;Explico y comparo algunas adaptaciones de seres vivos en ecosistemas del mundo y de Colombia.;;10;11;10-11;10;admin
1004;15;Explico la estructura de los átomos a partir de diferentes teorías.;;10;11;10-11;10;admin
1005;15;Explico la obtención de energía nuclear a partir de la alteración de la estructura del átomo.;;10;11;10-11;10;admin
1006;15;Identifico cambios químicos en la vida cotidiana y en el ambiente.;;10;11;10-11;10;admin
1007;15;Explico los cambios químicos desde diferentes modelos.;;10;11;10-11;10;admin
1008;15;Explico la relación entre la estructura de los átomos y los enlaces que realiza.;;10;11;10-11;10;admin
1009;15;Verifico el efecto de presión y temperatura en los cambios químicos.;;10;11;10-11;10;admin
1010;15;Uso la tabla periódica para determinar propiedades físicas y químicas de los elementos.;;10;11;10-11;10;admin
1011;15;Realizo cálculos cuantitativos en cambios químicos.;;10;11;10-11;10;admin
1012;15;Identifico condiciones para controlar la velocidad de cambios químicos.;;10;11;10-11;10;admin
1013;15;Caracterizo cambios químicos en condiciones de equilibrio.;;10;11;10-11;10;admin
1014;15;Relaciono la estructura del carbono con la formación de moléculas orgánicas.;;10;11;10-11;10;admin
1015;15;Relaciono grupos funcionales con las propiedades físicas y químicas de las sustancias.;;10;11;10-11;10;admin
1016;15;Explico algunos cambios químicos que ocurren en el ser humano.;;10;11;10-11;10;admin
1017;17;Establezco relaciones entre las diferentes fuerzas que actúan sobre los cuerpos en reposo o en movimiento rectilíneo uniforme y establezco condiciones para conservar la energía mecánica.;;10;11;10-11;10;admin
1018;17;Modelo matemáticamente el movimiento de objetos cotidianos a partir de las fuerzas que actúan sobre ellos.;;10;11;10-11;10;admin
1019;17;Explico la transformación de energía mecánica en energía térmica.;;10;11;10-11;10;admin
1020;17;Establezco relaciones entre estabilidad y centro de masa de un objeto.;;10;11;10-11;10;admin
1021;17;Establezco relaciones entre la conservación del momento lineal y el impulso en sistemas de objetos.;;10;11;10-11;10;admin
1022;17;Explico el comportamiento de fluidos en movimiento y en reposo.;;10;11;10-11;10;admin
1023;17;Relaciono masa, distancia y fuerza de atracción gravitacional entre objetos.;;10;11;10-11;10;admin
1024;17;Establezco relaciones entre el modelo del campo gravitacional y la ley de gravitación universal.;;10;11;10-11;10;admin
1025;17;Establezco relaciones entre fuerzas macroscópicas y fuerzas electrostáticas.;;10;11;10-11;10;admin
1026;17;Establezco relaciones entre campo gravitacional y electrostático y entre campo eléctrico y magnético.;;10;11;10-11;10;admin
1027;17;Relaciono voltaje y corriente con los diferentes elementos de un circuito eléctrico complejo y para todo el sistema.;;10;11;10-11;10;admin
1028;13;Explico aplicaciones tecnológicas del modelo de mecánica de fluidos.;;10;11;10-11;10;admin
1029;13;Analizo el desarrollo de los componentes de los circuitos eléctricos y su impacto en la vida diaria.;;10;11;10-11;10;admin
1030;13;Analizo el potencial de los recursos naturales en la obtención de energía para diferentes usos.;;10;11;10-11;10;admin
1031;13;Establezco relaciones entre el deporte y la salud física y mental.;;10;11;10-11;10;admin
1032;13;Explico el funcionamiento de algún antibiótico y reconozco la importancia de su uso correcto.;;10;11;10-11;10;admin
1033;13;Reconozco los efectos nocivos del exceso en el consumo de cafeína, tabaco, drogas y licores.;;10;11;10-11;10;admin
1034;13;Explico cambios químicos en la cocina, la industria y el ambiente.;;10;11;10-11;10;admin
1035;13;Verifico la utilidad de microorganismos en la industria alimenticia.;;10;11;10-11;10;admin
1036;13;Describo factores culturales y tecnológicos que inciden en la sexualidad y la reproducción humanas.;;10;11;10-11;10;admin
1037;13;Argumento la importancia de las medidas de prevención del embarazo y de las enfermedades de transmisión sexual en el mantenimiento de la salud individual y colectiva.;;10;11;10-11;10;admin
1038;13;Identifico tecnologías desarrolladas en Colombia.;;10;11;10-11;10;admin
1039;14;Escucho activamente a mis compañeros y compañeras, reconozco otros puntos de vista, los comparo con los míos y puedo modificar lo que pienso ante argumentos más sólidos.;;10;11;10-11;10;admin
1040;14;Reconozco y acepto el escepticismo de mis compañeros y compañeras ante la información que presento.;;10;11;10-11;10;admin
1041;14;Reconozco los aportes de conocimientos diferentes al científico.;;10;11;10-11;10;admin
1042;14;Reconozco que los modelos de la ciencia cambian con el tiempo y que varios pueden ser válidos simultáneamente.;;10;11;10-11;10;admin
1043;14;Cumplo mi función cuando trabajo en grupo y respeto las funciones de otras personas.;;10;11;10-11;10;admin
1044;14;Me informo para participar en debates sobre temas de interés general en ciencias.;;10;11;10-11;10;admin
1045;14;Diseño y aplico estrategias para el manejo de basuras en mi colegio.;;10;11;10-11;10;admin
1046;14;Cuido, respeto y exijo respeto por mi cuerpo y por el de las demás personas.;;10;11;10-11;10;admin
1047;14;Tomo decisiones responsables y compartidas sobre mi sexualidad.;;10;11;10-11;10;admin
1048;14;Analizo críticamente los papeles tradicionales de género en nuestra cultura con respecto a la sexualidad y la reproducción.;;10;11;10-11;10;admin
1049;14;Tomo decisiones sobre alimentación y práctica de ejercicio que favorezcan mi salud.;;10;11;10-11;10;admin
1050;14;Me informo sobre avances tecnológicos para discutir y asumir posturas fundamentadas sobre sus implicaciones éticas.;;10;11;10-11;10;admin
1051;55;Observo y formulo preguntas específicas sobre aplicaciones de teorías científicas.;;10;11;10-11;10;admin
1052;55;Formulo hipótesis con base en el conocimiento cotidiano, teorías y modelos científicos.;;10;11;10-11;10;admin
1053;55;Identifico variables que influyen en los resultados de un experimento.;;10;11;10-11;10;admin
1054;55;Propongo modelos para predecir los resultados de mis experimentos y simulaciones.;;10;11;10-11;10;admin
1055;55;Realizo mediciones con instrumentos y equipos adecuados.;;10;11;10-11;10;admin
1056;55;Registro mis observaciones y resultados utilizando esquemas, gráficos y tablas.;;10;11;10-11;10;admin
1057;55;Registro mis resultados en forma organizada y sin alteración alguna.;;10;11;10-11;10;admin
1058;55;Establezco diferencias entre descripción, explicación y evidencia.;;10;11;10-11;10;admin
1059;55;Establezco diferencias entre modelos, teorías, leyes e hipótesis.;;10;11;10-11;10;admin
1060;55;Utilizo las matemáticas para modelar, analizar y presentar datos y modelos en forma de ecuaciones, funciones y conversiones.;;10;11;10-11;10;admin
1061;55;Busco información en diferentes fuentes, escojo la pertinente y doy el crédito correspondiente.;;10;11;10-11;10;admin
1062;55;Establezco relaciones causales y multicausales entre los datos recopilados.;;10;11;10-11;10;admin
1063;55;Relaciono la información recopilada con los datos de mis experimentos y simulaciones.;;10;11;10-11;10;admin
1064;55;Interpreto los resultados teniendo en cuenta el orden de magnitud del error experimental.;;10;11;10-11;10;admin
1065;55;Saco conclusiones de los experimentos que realizo, aunque no obtenga los resultados esperados.;;10;11;10-11;10;admin
1066;55;Persisto en la búsqueda de respuestas a mis preguntas.;;10;11;10-11;10;admin
1067;55;Propongo y sustento respuestas a mis preguntas y las comparo con las de otros y con las de teorías científicas.;;10;11;10-11;10;admin
1068;55;Comunico el proceso de indagación y los resultados, utilizando gráficas, tablas, ecuaciones aritméticas y algebraicas.;;10;11;10-11;10;admin
1069;55;Relaciono mis conclusiones con las presentadas por otros autores y formulo nuevas preguntas.;;10;11;10-11;10;admin
1070;55;Observo fenómenos específicos.;;6;9;6-9;6;admin
1071;55;Formulo preguntas específicas sobre una observación, sobre una experiencia o sobre las aplicaciones de teorías científicas.;;6;9;6-9;6;admin
1072;55;Formulo hipótesis, con base en el conocimiento cotidiano, teorías y modelos científicos.;;6;9;6-9;6;admin
1073;55;Identifico y verifico condiciones que influyen en los resultados de un experimento y que pueden permanecer constantes o cambiar (variables).;;6;9;6-9;6;admin
1074;55;Propongo modelos para predecir los resultados de mis experimentos.;;6;9;6-9;6;admin
1075;55;Realizo mediciones con instrumentos adecuados a las características y magnitudes de los objetos de estudio y las expreso en las unidades correspondientes.;;6;9;6-9;6;admin
1076;55;Registro mis observaciones y resultados utilizando esquemas, gráficos y tablas.;;6;9;6-9;6;admin
1077;55;Registro mis resultados en forma organizada y sin alteración alguna.;;6;9;6-9;6;admin
1078;55;Establezco diferencias entre descripción, explicación y evidencia.;;6;9;6-9;6;admin
1079;55;Utilizo las matemáticas como herramienta para modelar, analizar y presentar datos.;;6;9;6-9;6;admin
1080;55;Busco información en diferentes fuentes.;;6;9;6-9;6;admin
1081;55;Evalúo la calidad de la información recopilada y doy el crédito correspondiente.;;6;9;6-9;6;admin
1082;55;Establezco relaciones causales y multicausales entre los datos recopilados.;;6;9;6-9;6;admin
1083;55;Establezco relaciones entre la información recopilada y mis resultados.;;6;9;6-9;6;admin
1084;55;Interpreto los resultados teniendo en cuenta el orden de magnitud del error experimental.;;6;9;6-9;6;admin
1085;55;Saco conclusiones de los experimentos que realizo, aunque no obtenga los resultados esperados.;;6;9;6-9;6;admin
1086;55;Persisto en la búsqueda de respuestas a mis preguntas.;;6;9;6-9;6;admin
1087;55;Propongo y sustento respuestas a mis preguntas y las comparo con las de otras personas y con las de teorías científicas.;;6;9;6-9;6;admin
1088;55;Identifico y uso adecuadamente el lenguaje propio de las ciencias.;;6;9;6-9;6;admin
1089;55;Comunico el proceso de indagación y los resultados, utilizando gráficas, tablas, ecuaciones aritméticas y algebraicas.;;6;9;6-9;6;admin
1090;55;Relaciono mis conclusiones con las presentadas por otros autores y formulo nuevas preguntas.;;6;9;6-9;6;admin
1091;55;Observo el mundo en el que vivo.;;1;5;1-5;1;admin
1092;55;Formulo preguntas a partir de una observación o experiencia y escojo algunas de ellas para buscar posibles respuestas.;;1;5;1-5;1;admin
1093;55;Propongo explicaciones provisionales para responder mis preguntas.;;1;5;1-5;1;admin
1094;55;Identifico condiciones que influyen en los resultados de una experiencia y que pueden permanecer constantes o cambiar (variables).;;1;5;1-5;1;admin
1095;55;Diseño y realizo experimentos modificando una sola variable para dar respuesta a preguntas.;;1;5;1-5;1;admin
1096;55;Realizo mediciones con instrumentos convencionales (balanza, báscula, cronómetro, termómetro...) y no convencionales (paso, cuarta, pie, braza, vaso...).;;1;5;1-5;1;admin
1097;55;Registro mis observaciones, datos y resultados de manera organizada y rigurosa (sin alteraciones), en forma escrita y utilizando esquemas, gráficos y tablas.;;1;5;1-5;1;admin
1098;55;Busco información en diversas fuentes (libros, Internet, experiencias y experimentos propios y de otros…) y doy el crédito correspondiente.;;1;5;1-5;1;admin
1099;55;Establezco relaciones entre la información y los datos recopilados.;;1;5;1-5;1;admin
1100;55;Selecciono la información que me permite responder a mis preguntas y determino si es suficiente.;;1;5;1-5;1;admin
1101;55;Saco conclusiones de mis experimentos, aunque no obtenga los resultados esperados.;;1;5;1-5;1;admin
1102;55;Propongo respuestas a mis preguntas y las comparo con las de otras personas.;;1;5;1-5;1;admin
1103;55;Persisto en la búsqueda de respuestas a mis preguntas.;;1;5;1-5;1;admin
1104;55;Comunico, oralmente y por escrito, el proceso de indagación y los resultados que obtengo.;;1;5;1-5;1;admin
